file_name,relative_path,extension,size_bytes,size_kb,size_mb,is_empty,modified,absolute_path
real_VerlustleistungEnFa.csv,real_VerlustleistungEnFa.csv,.csv,354899716,346581.75,338.4587,False,2026-05-29T14:09:08.520956,C:\Users\dellg\OneDrive\Documents\ZE\data\real_VerlustleistungEnFa.csv
greal_LeistungGebaeude.csv,greal_LeistungGebaeude.csv,.csv,347028061,338894.59,330.9517,False,2026-05-29T14:04:29.477839,C:\Users\dellg\OneDrive\Documents\ZE\data\greal_LeistungGebaeude.csv
real_E_VerlustEnFa.csv,real_E_VerlustEnFa.csv,.csv,346808329,338680.01,330.7422,False,2026-05-29T14:08:57.778010,C:\Users\dellg\OneDrive\Documents\ZE\data\real_E_VerlustEnFa.csv
green_bat.csv,green_bat.csv,.csv,332636107,324839.95,317.2265,False,2026-05-29T14:06:38.926954,C:\Users\dellg\OneDrive\Documents\ZE\data\green_bat.csv
realIstTempKaltWasObenMitte.csv,realIstTempKaltWasObenMitte.csv,.csv,331759269,323983.66,316.3903,False,2026-05-29T14:07:24.539412,C:\Users\dellg\OneDrive\Documents\ZE\data\realIstTempKaltWasObenMitte.csv
real_aktVerlustLeistungBHKW.csv,real_aktVerlustLeistungBHKW.csv,.csv,331160672,323399.09,315.8194,False,2026-05-29T14:08:15.712054,C:\Users\dellg\OneDrive\Documents\ZE\data\real_aktVerlustLeistungBHKW.csv
realIstTempWarmWasObenMitte.csv,realIstTempWarmWasObenMitte.csv,.csv,330519437,322772.89,315.2079,False,2026-05-29T14:07:41.643404,C:\Users\dellg\OneDrive\Documents\ZE\data\realIstTempWarmWasObenMitte.csv
greal_K_WMZ_TR_Altbau.csv,greal_K_WMZ_TR_Altbau.csv,.csv,329896998,322165.04,314.6143,False,2026-05-29T14:03:40.298151,C:\Users\dellg\OneDrive\Documents\ZE\data\greal_K_WMZ_TR_Altbau.csv
greal_K_WMZ_TV_Altbau.csv,greal_K_WMZ_TV_Altbau.csv,.csv,329895349,322163.43,314.6127,False,2026-05-29T14:04:00.068674,C:\Users\dellg\OneDrive\Documents\ZE\data\greal_K_WMZ_TV_Altbau.csv
greal_K_WMZ_TR_Server.csv,greal_K_WMZ_TR_Server.csv,.csv,329872975,322141.58,314.5914,False,2026-05-29T14:03:54.136018,C:\Users\dellg\OneDrive\Documents\ZE\data\greal_K_WMZ_TR_Server.csv
greal_K_WMZ_TV_Server.csv,greal_K_WMZ_TV_Server.csv,.csv,329860633,322129.52,314.5796,False,2026-05-29T14:04:15.839678,C:\Users\dellg\OneDrive\Documents\ZE\data\greal_K_WMZ_TV_Server.csv
real_WirkleistungErzeugungEnFa.csv,real_WirkleistungErzeugungEnFa.csv,.csv,329488540,321766.15,314.2248,False,2026-05-29T14:09:17.769651,C:\Users\dellg\OneDrive\Documents\ZE\data\real_WirkleistungErzeugungEnFa.csv
realIstTempKaltWasUntMitte.csv,realIstTempKaltWasUntMitte.csv,.csv,328448531,320750.52,313.2329,False,2026-05-29T14:07:31.637200,C:\Users\dellg\OneDrive\Documents\ZE\data\realIstTempKaltWasUntMitte.csv
green_t2.csv,green_t2.csv,.csv,327453445,319778.75,312.2839,False,2026-05-29T14:06:49.477888,C:\Users\dellg\OneDrive\Documents\ZE\data\green_t2.csv
green_t3.csv,green_t3.csv,.csv,327451969,319777.31,312.2825,False,2026-05-29T14:06:52.391382,C:\Users\dellg\OneDrive\Documents\ZE\data\green_t3.csv
greal_LeistungTankStellen.csv,greal_LeistungTankStellen.csv,.csv,327208131,319539.19,312.05,False,2026-05-29T14:04:41.303545,C:\Users\dellg\OneDrive\Documents\ZE\data\greal_LeistungTankStellen.csv
realIstTempWarmWasUntMitte.csv,realIstTempWarmWasUntMitte.csv,.csv,326302869,318655.15,311.1867,False,2026-05-29T14:07:51.439205,C:\Users\dellg\OneDrive\Documents\ZE\data\realIstTempWarmWasUntMitte.csv
real_BatterieLadeLeistung.csv,real_BatterieLadeLeistung.csv,.csv,326087503,318444.83,310.9813,False,2026-05-29T14:08:32.240837,C:\Users\dellg\OneDrive\Documents\ZE\data\real_BatterieLadeLeistung.csv
real_aktGesamtLeistungBHKW.csv,real_aktGesamtLeistungBHKW.csv,.csv,325710353,318076.52,310.6216,False,2026-05-29T14:08:09.336588,C:\Users\dellg\OneDrive\Documents\ZE\data\real_aktGesamtLeistungBHKW.csv
green_t1.csv,green_t1.csv,.csv,325685703,318052.44,310.5981,False,2026-05-29T14:06:43.339225,C:\Users\dellg\OneDrive\Documents\ZE\data\green_t1.csv
greal_K_WMZ_TR_Bespr.csv,greal_K_WMZ_TR_Bespr.csv,.csv,324675884,317066.29,309.6351,False,2026-05-29T14:03:42.508732,C:\Users\dellg\OneDrive\Documents\ZE\data\greal_K_WMZ_TR_Bespr.csv
greal_K_WMZ_TV_Bespr.csv,greal_K_WMZ_TV_Bespr.csv,.csv,324672804,317063.29,309.6321,False,2026-05-29T14:04:03.124036,C:\Users\dellg\OneDrive\Documents\ZE\data\greal_K_WMZ_TV_Bespr.csv
greal_K_WMZ_TR_Sued.csv,greal_K_WMZ_TR_Sued.csv,.csv,319488864,312000.84,304.6883,False,2026-05-29T14:03:56.717746,C:\Users\dellg\OneDrive\Documents\ZE\data\greal_K_WMZ_TR_Sued.csv
greal_K_WMZ_TV_Sued.csv,greal_K_WMZ_TV_Sued.csv,.csv,319475810,311988.1,304.6759,False,2026-05-29T14:04:19.387719,C:\Users\dellg\OneDrive\Documents\ZE\data\greal_K_WMZ_TV_Sued.csv
greal_W_WMZ_TV_Altbau.csv,greal_W_WMZ_TV_Altbau.csv,.csv,317900594,310449.8,303.1736,False,2026-05-29T14:06:12.647878,C:\Users\dellg\OneDrive\Documents\ZE\data\greal_W_WMZ_TV_Altbau.csv
greal_W_WMZ_TR_Altbau.csv,greal_W_WMZ_TR_Altbau.csv,.csv,317880626,310430.3,303.1546,False,2026-05-29T14:05:48.900114,C:\Users\dellg\OneDrive\Documents\ZE\data\greal_W_WMZ_TR_Altbau.csv
real_WirkleistungEnFa.csv,real_WirkleistungEnFa.csv,.csv,315947243,308542.23,301.3108,False,2026-05-29T14:09:14.275000,C:\Users\dellg\OneDrive\Documents\ZE\data\real_WirkleistungEnFa.csv
grealCluster_4_Spannung.csv,grealCluster_4_Spannung.csv,.csv,315461993,308068.35,300.848,False,2026-05-29T14:02:30.085784,C:\Users\dellg\OneDrive\Documents\ZE\data\grealCluster_4_Spannung.csv
grealCluster_2_Spannung.csv,grealCluster_2_Spannung.csv,.csv,315129341,307743.5,300.5308,False,2026-05-29T14:02:25.655810,C:\Users\dellg\OneDrive\Documents\ZE\data\grealCluster_2_Spannung.csv
real_BatterieLeistung.csv,real_BatterieLeistung.csv,.csv,315104750,307719.48,300.5073,False,2026-05-29T14:08:38.253955,C:\Users\dellg\OneDrive\Documents\ZE\data\real_BatterieLeistung.csv
greal_LeistungTankStelle1.csv,greal_LeistungTankStelle1.csv,.csv,314790621,307412.72,300.2077,False,2026-05-29T14:04:32.781964,C:\Users\dellg\OneDrive\Documents\ZE\data\greal_LeistungTankStelle1.csv
grealCluster_1_Spannung.csv,grealCluster_1_Spannung.csv,.csv,314450992,307081.05,299.8838,False,2026-05-29T14:02:23.506629,C:\Users\dellg\OneDrive\Documents\ZE\data\grealCluster_1_Spannung.csv
grealCluster_3_Spannung.csv,grealCluster_3_Spannung.csv,.csv,313642894,306291.89,299.1132,False,2026-05-29T14:02:27.796604,C:\Users\dellg\OneDrive\Documents\ZE\data\grealCluster_3_Spannung.csv
real_BatterieAbgabeLeistung.csv,real_BatterieAbgabeLeistung.csv,.csv,313160927,305821.22,298.6535,False,2026-05-29T14:08:28.646879,C:\Users\dellg\OneDrive\Documents\ZE\data\real_BatterieAbgabeLeistung.csv
greal_E_Gesamtverbrauch.csv,greal_E_Gesamtverbrauch.csv,.csv,310719915,303437.42,296.3256,False,2026-05-29T14:02:45.155379,C:\Users\dellg\OneDrive\Documents\ZE\data\greal_E_Gesamtverbrauch.csv
greal_W_WMZ_TV_bhkw2.csv,greal_W_WMZ_TV_bhkw2.csv,.csv,310530441,303252.38,296.1449,False,2026-05-29T14:06:19.851501,C:\Users\dellg\OneDrive\Documents\ZE\data\greal_W_WMZ_TV_bhkw2.csv
greal_K_WMZ_E_Server.csv,greal_K_WMZ_E_Server.csv,.csv,310527223,303249.24,296.1418,False,2026-05-29T14:03:19.430197,C:\Users\dellg\OneDrive\Documents\ZE\data\greal_K_WMZ_E_Server.csv
greal_W_WMZ_TR_bhkw2.csv,greal_W_WMZ_TR_bhkw2.csv,.csv,310499135,303221.81,296.1151,False,2026-05-29T14:05:56.916083,C:\Users\dellg\OneDrive\Documents\ZE\data\greal_W_WMZ_TR_bhkw2.csv
greal_K_WMZ_TV_GF.csv,greal_K_WMZ_TV_GF.csv,.csv,310216642,302945.94,295.8456,False,2026-05-29T14:04:06.722321,C:\Users\dellg\OneDrive\Documents\ZE\data\greal_K_WMZ_TV_GF.csv
greal_K_WMZ_TR_GF.csv,greal_K_WMZ_TR_GF.csv,.csv,310213140,302942.52,295.8423,False,2026-05-29T14:03:45.679554,C:\Users\dellg\OneDrive\Documents\ZE\data\greal_K_WMZ_TR_GF.csv
greal_W_WMZ_TV_Sued.csv,greal_W_WMZ_TV_Sued.csv,.csv,309471394,302218.16,295.1349,False,2026-05-29T14:06:31.133022,C:\Users\dellg\OneDrive\Documents\ZE\data\greal_W_WMZ_TV_Sued.csv
greal_W_WMZ_TR_Sued.csv,greal_W_WMZ_TR_Sued.csv,.csv,309447033,302194.37,295.1117,False,2026-05-29T14:06:05.022417,C:\Users\dellg\OneDrive\Documents\ZE\data\greal_W_WMZ_TR_Sued.csv
realIstTempKaltWasOben.csv,realIstTempKaltWasOben.csv,.csv,309398017,302146.5,295.0649,False,2026-05-29T14:07:19.901202,C:\Users\dellg\OneDrive\Documents\ZE\data\realIstTempKaltWasOben.csv
greal_E_BatterieAbgabe.csv,greal_E_BatterieAbgabe.csv,.csv,309223555,301976.13,294.8986,False,2026-05-29T14:02:34.029438,C:\Users\dellg\OneDrive\Documents\ZE\data\greal_E_BatterieAbgabe.csv
greal_K_WMZ_TV_Halle.csv,greal_K_WMZ_TV_Halle.csv,.csv,309138119,301892.69,294.8171,False,2026-05-29T14:04:09.195477,C:\Users\dellg\OneDrive\Documents\ZE\data\greal_K_WMZ_TV_Halle.csv
greal_K_WMZ_TR_Halle.csv,greal_K_WMZ_TR_Halle.csv,.csv,309131332,301886.07,294.8106,False,2026-05-29T14:03:47.810622,C:\Users\dellg\OneDrive\Documents\ZE\data\greal_K_WMZ_TR_Halle.csv
greal_W_WMZ_TV_bhkw1.csv,greal_W_WMZ_TV_bhkw1.csv,.csv,308242668,301018.23,293.9631,False,2026-05-29T14:06:15.717854,C:\Users\dellg\OneDrive\Documents\ZE\data\greal_W_WMZ_TV_bhkw1.csv
greal_W_WMZ_TR_bhkw1.csv,greal_W_WMZ_TR_bhkw1.csv,.csv,308214223,300990.45,293.936,False,2026-05-29T14:05:52.430088,C:\Users\dellg\OneDrive\Documents\ZE\data\greal_W_WMZ_TR_bhkw1.csv
greal_W_WMZ_E_Altbau.csv,greal_W_WMZ_E_Altbau.csv,.csv,307528450,300320.75,293.282,False,2026-05-29T14:05:07.026730,C:\Users\dellg\OneDrive\Documents\ZE\data\greal_W_WMZ_E_Altbau.csv
realIstTempWarmWasOben.csv,realIstTempWarmWasOben.csv,.csv,307359745,300156.0,293.1211,False,2026-05-29T14:07:37.547004,C:\Users\dellg\OneDrive\Documents\ZE\data\realIstTempWarmWasOben.csv
greal_K_WMZ_E_Altbau.csv,greal_K_WMZ_E_Altbau.csv,.csv,306459441,299276.8,292.2625,False,2026-05-29T14:03:10.219789,C:\Users\dellg\OneDrive\Documents\ZE\data\greal_K_WMZ_E_Altbau.csv
greal_K_WMZ_E_Bespr.csv,greal_K_WMZ_E_Bespr.csv,.csv,305659882,298495.98,291.5,False,2026-05-29T14:03:11.794949,C:\Users\dellg\OneDrive\Documents\ZE\data\greal_K_WMZ_E_Bespr.csv
real_E_Verlustbhkw2.csv,real_E_Verlustbhkw2.csv,.csv,305270351,298115.58,291.1285,False,2026-05-29T14:08:51.959441,C:\Users\dellg\OneDrive\Documents\ZE\data\real_E_Verlustbhkw2.csv
realIstTempKaltWasUnt.csv,realIstTempKaltWasUnt.csv,.csv,304859687,297714.54,290.7369,False,2026-05-29T14:07:26.178239,C:\Users\dellg\OneDrive\Documents\ZE\data\realIstTempKaltWasUnt.csv
greal_K_WMZ_TR_Nord.csv,greal_K_WMZ_TR_Nord.csv,.csv,304731225,297589.09,290.6143,False,2026-05-29T14:03:50.883581,C:\Users\dellg\OneDrive\Documents\ZE\data\greal_K_WMZ_TR_Nord.csv
greal_K_WMZ_TV_Nord.csv,greal_K_WMZ_TV_Nord.csv,.csv,304723870,297581.9,290.6073,False,2026-05-29T14:04:13.071009,C:\Users\dellg\OneDrive\Documents\ZE\data\greal_K_WMZ_TV_Nord.csv
greal_E_BatterieLaden.csv,greal_E_BatterieLaden.csv,.csv,304557389,297419.33,290.4486,False,2026-05-29T14:02:35.234987,C:\Users\dellg\OneDrive\Documents\ZE\data\greal_E_BatterieLaden.csv
realIstTempWarmWasUnt.csv,realIstTempWarmWasUnt.csv,.csv,303631451,296515.09,289.5655,False,2026-05-29T14:07:47.221527,C:\Users\dellg\OneDrive\Documents\ZE\data\realIstTempWarmWasUnt.csv
greal_E_ErzeugungEnFa.csv,greal_E_ErzeugungEnFa.csv,.csv,301286986,294225.57,287.3297,False,2026-05-29T14:02:38.371904,C:\Users\dellg\OneDrive\Documents\ZE\data\greal_E_ErzeugungEnFa.csv
greal_EK_WMZ_WWout.csv,greal_EK_WMZ_WWout.csv,.csv,300492834,293450.03,286.5723,False,2026-05-29T14:02:32.809071,C:\Users\dellg\OneDrive\Documents\ZE\data\greal_EK_WMZ_WWout.csv
greal_Speicher_WW_Prozent.csv,greal_Speicher_WW_Prozent.csv,.csv,299453456,292435.02,285.5811,False,2026-05-29T14:04:44.825356,C:\Users\dellg\OneDrive\Documents\ZE\data\greal_Speicher_WW_Prozent.csv
greal_W_WMZ_E_Sued.csv,greal_W_WMZ_E_Sued.csv,.csv,299206174,292193.53,285.3452,False,2026-05-29T14:05:23.749858,C:\Users\dellg\OneDrive\Documents\ZE\data\greal_W_WMZ_E_Sued.csv
greal_W_WMZ_E_bhkw2.csv,greal_W_WMZ_E_bhkw2.csv,.csv,299188720,292176.48,285.3286,False,2026-05-29T14:05:12.362312,C:\Users\dellg\OneDrive\Documents\ZE\data\greal_W_WMZ_E_bhkw2.csv
greal_W_WMZ_TV_Halle.csv,greal_W_WMZ_TV_Halle.csv,.csv,299139625,292128.54,285.2818,False,2026-05-29T14:06:23.884112,C:\Users\dellg\OneDrive\Documents\ZE\data\greal_W_WMZ_TV_Halle.csv
greal_W_WMZ_TR_Halle.csv,greal_W_WMZ_TR_Halle.csv,.csv,299118150,292107.57,285.2613,False,2026-05-29T14:05:58.699374,C:\Users\dellg\OneDrive\Documents\ZE\data\greal_W_WMZ_TR_Halle.csv
greal_E_Tankstelle1.csv,greal_E_Tankstelle1.csv,.csv,297593974,290619.12,283.8077,False,2026-05-29T14:02:56.289802,C:\Users\dellg\OneDrive\Documents\ZE\data\greal_E_Tankstelle1.csv
real_E_Verlustbhkw1.csv,real_E_Verlustbhkw1.csv,.csv,297161355,290196.64,283.3952,False,2026-05-29T14:08:48.177657,C:\Users\dellg\OneDrive\Documents\ZE\data\real_E_Verlustbhkw1.csv
greal_E__WMZ_WWout.csv,greal_E__WMZ_WWout.csv,.csv,296994044,290033.25,283.2356,False,2026-05-29T14:03:03.331090,C:\Users\dellg\OneDrive\Documents\ZE\data\greal_E__WMZ_WWout.csv
real_BatterieVerlustLeistung.csv,real_BatterieVerlustLeistung.csv,.csv,296972546,290012.25,283.2151,False,2026-05-29T14:08:43.853982,C:\Users\dellg\OneDrive\Documents\ZE\data\real_BatterieVerlustLeistung.csv
greal_K_WMZ_E_Sued.csv,greal_K_WMZ_E_Sued.csv,.csv,296750064,289794.98,283.0029,False,2026-05-29T14:03:21.159242,C:\Users\dellg\OneDrive\Documents\ZE\data\greal_K_WMZ_E_Sued.csv
real_aktVerlustLeistungBHKW1.csv,real_aktVerlustLeistungBHKW1.csv,.csv,296376703,289430.37,282.6468,False,2026-05-29T14:08:20.188519,C:\Users\dellg\OneDrive\Documents\ZE\data\real_aktVerlustLeistungBHKW1.csv
greal_W_WMZ_TV_WP.csv,greal_W_WMZ_TV_WP.csv,.csv,295891701,288956.74,282.1843,False,2026-05-29T14:06:34.133956,C:\Users\dellg\OneDrive\Documents\ZE\data\greal_W_WMZ_TV_WP.csv
greal_W_WMZ_TR_WP.csv,greal_W_WMZ_TR_WP.csv,.csv,295856655,288922.51,282.1509,False,2026-05-29T14:06:09.305667,C:\Users\dellg\OneDrive\Documents\ZE\data\greal_W_WMZ_TR_WP.csv
greal_W_WMZ_E_bhkw1.csv,greal_W_WMZ_E_bhkw1.csv,.csv,295229081,288309.65,281.5524,False,2026-05-29T14:05:10.518914,C:\Users\dellg\OneDrive\Documents\ZE\data\greal_W_WMZ_E_bhkw1.csv
greal_W_WMZ_TV_Nord.csv,greal_W_WMZ_TV_Nord.csv,.csv,294773890,287865.13,281.1183,False,2026-05-29T14:06:28.354566,C:\Users\dellg\OneDrive\Documents\ZE\data\greal_W_WMZ_TV_Nord.csv
greal_W_WMZ_TR_Nord.csv,greal_W_WMZ_TR_Nord.csv,.csv,294743678,287835.62,281.0895,False,2026-05-29T14:06:01.835865,C:\Users\dellg\OneDrive\Documents\ZE\data\greal_W_WMZ_TR_Nord.csv
greal_E_Tankstelle2.csv,greal_E_Tankstelle2.csv,.csv,294590968,287686.49,280.9438,False,2026-05-29T14:02:57.512907,C:\Users\dellg\OneDrive\Documents\ZE\data\greal_E_Tankstelle2.csv
greal_E_GebaeudeSued.csv,greal_E_GebaeudeSued.csv,.csv,293818637,286932.26,280.2073,False,2026-05-29T14:02:42.724244,C:\Users\dellg\OneDrive\Documents\ZE\data\greal_E_GebaeudeSued.csv
greal_E_Tankstelle3.csv,greal_E_Tankstelle3.csv,.csv,292190722,285342.5,278.6548,False,2026-05-29T14:02:58.738507,C:\Users\dellg\OneDrive\Documents\ZE\data\greal_E_Tankstelle3.csv
greal_K_WMZ_E_GF.csv,greal_K_WMZ_E_GF.csv,.csv,292029973,285185.52,278.5015,False,2026-05-29T14:03:13.271472,C:\Users\dellg\OneDrive\Documents\ZE\data\greal_K_WMZ_E_GF.csv
greal_E_PV_Gesamt.csv,greal_E_PV_Gesamt.csv,.csv,291054521,284232.93,277.5712,False,2026-05-29T14:02:54.895292,C:\Users\dellg\OneDrive\Documents\ZE\data\greal_E_PV_Gesamt.csv
greal_K_WMZ_E_WP.csv,greal_K_WMZ_E_WP.csv,.csv,290994653,284174.47,277.5141,False,2026-05-29T14:03:22.683471,C:\Users\dellg\OneDrive\Documents\ZE\data\greal_K_WMZ_E_WP.csv
greal_Gas_bhkwges.csv,greal_Gas_bhkwges.csv,.csv,289942992,283147.45,276.5112,False,2026-05-29T14:03:08.487397,C:\Users\dellg\OneDrive\Documents\ZE\data\greal_Gas_bhkwges.csv
real_aktVerlustLeistungBHKW2.csv,real_aktVerlustLeistungBHKW2.csv,.csv,289065296,282290.33,275.6741,False,2026-05-29T14:08:24.737545,C:\Users\dellg\OneDrive\Documents\ZE\data\real_aktVerlustLeistungBHKW2.csv
greal_E__WMZ_BHKW.csv,greal_E__WMZ_BHKW.csv,.csv,287871228,281124.25,274.5354,False,2026-05-29T14:03:01.647699,C:\Users\dellg\OneDrive\Documents\ZE\data\greal_E__WMZ_BHKW.csv
greal_W_WMZ_E_WP.csv,greal_W_WMZ_E_WP.csv,.csv,287793877,281048.71,274.4616,False,2026-05-29T14:05:25.277783,C:\Users\dellg\OneDrive\Documents\ZE\data\greal_W_WMZ_E_WP.csv
greal_LeistungTankStelle2.csv,greal_LeistungTankStelle2.csv,.csv,287770883,281026.25,274.4397,False,2026-05-29T14:04:35.303831,C:\Users\dellg\OneDrive\Documents\ZE\data\greal_LeistungTankStelle2.csv
realIPhARmsST25.csv,realIPhARmsST25.csv,.csv,287725142,280981.58,274.3961,False,2026-05-29T14:06:59.586498,C:\Users\dellg\OneDrive\Documents\ZE\data\realIPhARmsST25.csv
realIPhCRmsST25.csv,realIPhCRmsST25.csv,.csv,287688198,280945.51,274.3608,False,2026-05-29T14:07:16.953970,C:\Users\dellg\OneDrive\Documents\ZE\data\realIPhCRmsST25.csv
realIPhBRmsST25.csv,realIPhBRmsST25.csv,.csv,286981521,280255.39,273.6869,False,2026-05-29T14:07:06.574666,C:\Users\dellg\OneDrive\Documents\ZE\data\realIPhBRmsST25.csv
realIPhARmsST24.csv,realIPhARmsST24.csv,.csv,286221141,279512.83,272.9618,False,2026-05-29T14:06:57.524282,C:\Users\dellg\OneDrive\Documents\ZE\data\realIPhARmsST24.csv
realIPhBRmsST24.csv,realIPhBRmsST24.csv,.csv,285603606,278909.77,272.3728,False,2026-05-29T14:07:04.910423,C:\Users\dellg\OneDrive\Documents\ZE\data\realIPhBRmsST24.csv
realIPhCRmsST24.csv,realIPhCRmsST24.csv,.csv,285394570,278705.63,272.1735,False,2026-05-29T14:07:11.320931,C:\Users\dellg\OneDrive\Documents\ZE\data\realIPhCRmsST24.csv
greal_W_WMZ_E_Halle.csv,greal_W_WMZ_E_Halle.csv,.csv,284880890,278203.99,271.6836,False,2026-05-29T14:05:15.483093,C:\Users\dellg\OneDrive\Documents\ZE\data\greal_W_WMZ_E_Halle.csv
greal_K_WMZ_E_Halle.csv,greal_K_WMZ_E_Halle.csv,.csv,284529434,277860.78,271.3484,False,2026-05-29T14:03:15.046591,C:\Users\dellg\OneDrive\Documents\ZE\data\greal_K_WMZ_E_Halle.csv
greal_W_WMZ_E_Nord.csv,greal_W_WMZ_E_Nord.csv,.csv,282924860,276293.81,269.8182,False,2026-05-29T14:05:19.741826,C:\Users\dellg\OneDrive\Documents\ZE\data\greal_W_WMZ_E_Nord.csv
greal_Gas_bhkw2.csv,greal_Gas_bhkw2.csv,.csv,280928173,274343.92,267.914,False,2026-05-29T14:03:06.472632,C:\Users\dellg\OneDrive\Documents\ZE\data\greal_Gas_bhkw2.csv
greal_K_WMZ_E_Nord.csv,greal_K_WMZ_E_Nord.csv,.csv,280344384,273773.81,267.3572,False,2026-05-29T14:03:16.543960,C:\Users\dellg\OneDrive\Documents\ZE\data\greal_K_WMZ_E_Nord.csv
greal_WMZ_Warm.csv,greal_WMZ_Warm.csv,.csv,278411342,271886.08,265.5137,False,2026-05-29T14:05:02.857847,C:\Users\dellg\OneDrive\Documents\ZE\data\greal_WMZ_Warm.csv
greal_E_Gebaeude.csv,greal_E_Gebaeude.csv,.csv,277505097,271001.07,264.6495,False,2026-05-29T14:02:39.606859,C:\Users\dellg\OneDrive\Documents\ZE\data\greal_E_Gebaeude.csv
greal_W_WMZ_P_Sued.csv,greal_W_WMZ_P_Sued.csv,.csv,277057192,270563.66,264.2223,False,2026-05-29T14:05:42.852921,C:\Users\dellg\OneDrive\Documents\ZE\data\greal_W_WMZ_P_Sued.csv
greal_BatterieLadeZustand.csv,greal_BatterieLadeZustand.csv,.csv,275898072,269431.71,263.1169,False,2026-05-29T14:02:31.719501,C:\Users\dellg\OneDrive\Documents\ZE\data\greal_BatterieLadeZustand.csv
greal_E_GebaeudeNord.csv,greal_E_GebaeudeNord.csv,.csv,273960071,267539.13,261.2687,False,2026-05-29T14:02:41.289716,C:\Users\dellg\OneDrive\Documents\ZE\data\greal_E_GebaeudeNord.csv
greal_LeistungTankStelle3.csv,greal_LeistungTankStelle3.csv,.csv,272606872,266217.65,259.9782,False,2026-05-29T14:04:38.664942,C:\Users\dellg\OneDrive\Documents\ZE\data\greal_LeistungTankStelle3.csv
realLeistungGebSued.csv,realLeistungGebSued.csv,.csv,271284512,264926.28,258.7171,False,2026-05-29T14:08:02.028484,C:\Users\dellg\OneDrive\Documents\ZE\data\realLeistungGebSued.csv
greal_WMZ_Hz_Erz_BHKW.csv,greal_WMZ_Hz_Erz_BHKW.csv,.csv,267729437,261454.53,255.3267,False,2026-05-29T14:04:47.011651,C:\Users\dellg\OneDrive\Documents\ZE\data\greal_WMZ_Hz_Erz_BHKW.csv
greal_E_bhkw1.csv,greal_E_bhkw1.csv,.csv,266925680,260669.61,254.5602,False,2026-05-29T14:02:36.313434,C:\Users\dellg\OneDrive\Documents\ZE\data\greal_E_bhkw1.csv
greal_WMZ_Hz_Erz_ges.csv,greal_WMZ_Hz_Erz_ges.csv,.csv,266160019,259921.89,253.83,False,2026-05-29T14:04:51.625261,C:\Users\dellg\OneDrive\Documents\ZE\data\greal_WMZ_Hz_Erz_ges.csv
greal_K_WMZ_P_Server.csv,greal_K_WMZ_P_Server.csv,.csv,264521954,258322.22,252.2678,False,2026-05-29T14:03:33.593577,C:\Users\dellg\OneDrive\Documents\ZE\data\greal_K_WMZ_P_Server.csv
greal_E_PV3.csv,greal_E_PV3.csv,.csv,259308375,253230.83,247.2957,False,2026-05-29T14:02:48.794998,C:\Users\dellg\OneDrive\Documents\ZE\data\greal_E_PV3.csv
greal_E_PV1.csv,greal_E_PV1.csv,.csv,257652524,251613.79,245.7166,False,2026-05-29T14:02:46.156088,C:\Users\dellg\OneDrive\Documents\ZE\data\greal_E_PV1.csv
greal_E_PV2.csv,greal_E_PV2.csv,.csv,256823994,250804.68,244.9264,False,2026-05-29T14:02:47.131366,C:\Users\dellg\OneDrive\Documents\ZE\data\greal_E_PV2.csv
greal_E_PV7.csv,greal_E_PV7.csv,.csv,256407593,250398.04,244.5293,False,2026-05-29T14:02:53.407554,C:\Users\dellg\OneDrive\Documents\ZE\data\greal_E_PV7.csv
greal_E_PV4.csv,greal_E_PV4.csv,.csv,256265532,250259.31,244.3939,False,2026-05-29T14:02:49.891345,C:\Users\dellg\OneDrive\Documents\ZE\data\greal_E_PV4.csv
greal_K_WMZ_P_Altbau.csv,greal_K_WMZ_P_Altbau.csv,.csv,255088106,249109.48,243.271,False,2026-05-29T14:03:24.168858,C:\Users\dellg\OneDrive\Documents\ZE\data\greal_K_WMZ_P_Altbau.csv
greal_E_WP.csv,greal_E_WP.csv,.csv,254701440,248731.88,242.9022,False,2026-05-29T14:03:00.332148,C:\Users\dellg\OneDrive\Documents\ZE\data\greal_E_WP.csv
greal_E_PV6.csv,greal_E_PV6.csv,.csv,254481325,248516.92,242.6923,False,2026-05-29T14:02:52.335924,C:\Users\dellg\OneDrive\Documents\ZE\data\greal_E_PV6.csv
greal_E_PV5.csv,greal_E_PV5.csv,.csv,253976948,248024.36,242.2113,False,2026-05-29T14:02:51.258339,C:\Users\dellg\OneDrive\Documents\ZE\data\greal_E_PV5.csv
greal_W_WMZ_P_Nord.csv,greal_W_WMZ_P_Nord.csv,.csv,253000922,247071.21,241.2805,False,2026-05-29T14:05:39.371080,C:\Users\dellg\OneDrive\Documents\ZE\data\greal_W_WMZ_P_Nord.csv
greal_W_WMZ_P_bhkw1.csv,greal_W_WMZ_P_bhkw1.csv,.csv,252782041,246857.46,241.0717,False,2026-05-29T14:05:31.633763,C:\Users\dellg\OneDrive\Documents\ZE\data\greal_W_WMZ_P_bhkw1.csv
real_PV_Gesamt.csv,real_PV_Gesamt.csv,.csv,251282960,245393.52,239.6421,False,2026-05-29T14:08:59.726447,C:\Users\dellg\OneDrive\Documents\ZE\data\real_PV_Gesamt.csv
greal_WMZ_Kalt_Erz_WP.csv,greal_WMZ_Kalt_Erz_WP.csv,.csv,251029043,245145.55,239.4,False,2026-05-29T14:04:58.648056,C:\Users\dellg\OneDrive\Documents\ZE\data\greal_WMZ_Kalt_Erz_WP.csv
greal_K_WMZ_P_Bespr.csv,greal_K_WMZ_P_Bespr.csv,.csv,249141901,243302.64,237.6002,False,2026-05-29T14:03:26.460516,C:\Users\dellg\OneDrive\Documents\ZE\data\greal_K_WMZ_P_Bespr.csv
greal_W_WMZ_P_Altbau.csv,greal_W_WMZ_P_Altbau.csv,.csv,248775039,242944.37,237.2504,False,2026-05-29T14:05:29.409042,C:\Users\dellg\OneDrive\Documents\ZE\data\greal_W_WMZ_P_Altbau.csv
greal_LeistungBHKW1.csv,greal_LeistungBHKW1.csv,.csv,248425173,242602.71,236.9167,False,2026-05-29T14:04:22.744666,C:\Users\dellg\OneDrive\Documents\ZE\data\greal_LeistungBHKW1.csv
greal_K_WMZ_P_GF.csv,greal_K_WMZ_P_GF.csv,.csv,247887855,242077.98,236.4043,False,2026-05-29T14:03:28.107190,C:\Users\dellg\OneDrive\Documents\ZE\data\greal_K_WMZ_P_GF.csv
greal_K_WMZ_P_Halle.csv,greal_K_WMZ_P_Halle.csv,.csv,247146754,241354.25,235.6975,False,2026-05-29T14:03:29.675681,C:\Users\dellg\OneDrive\Documents\ZE\data\greal_K_WMZ_P_Halle.csv
grealCluster_1_Ladung.csv,grealCluster_1_Ladung.csv,.csv,247073914,241283.12,235.628,False,2026-05-29T14:02:22.330653,C:\Users\dellg\OneDrive\Documents\ZE\data\grealCluster_1_Ladung.csv
grealCluster_3_Ladung.csv,grealCluster_3_Ladung.csv,.csv,247063014,241272.47,235.6177,False,2026-05-29T14:02:26.588485,C:\Users\dellg\OneDrive\Documents\ZE\data\grealCluster_3_Ladung.csv
grealCluster_4_Ladung.csv,grealCluster_4_Ladung.csv,.csv,247056474,241266.09,235.6114,False,2026-05-29T14:02:28.882477,C:\Users\dellg\OneDrive\Documents\ZE\data\grealCluster_4_Ladung.csv
grealCluster_2_Ladung.csv,grealCluster_2_Ladung.csv,.csv,247053543,241263.23,235.6086,False,2026-05-29T14:02:24.454260,C:\Users\dellg\OneDrive\Documents\ZE\data\grealCluster_2_Ladung.csv
greal_K_WMZ_P_Sued.csv,greal_K_WMZ_P_Sued.csv,.csv,246246180,240474.79,234.8387,False,2026-05-29T14:03:35.855288,C:\Users\dellg\OneDrive\Documents\ZE\data\greal_K_WMZ_P_Sued.csv
greal_K_WMZ_P_Nord.csv,greal_K_WMZ_P_Nord.csv,.csv,245518526,239764.19,234.1447,False,2026-05-29T14:03:31.986004,C:\Users\dellg\OneDrive\Documents\ZE\data\greal_K_WMZ_P_Nord.csv
greal_W_WMZ_P_bhkw2.csv,greal_W_WMZ_P_bhkw2.csv,.csv,245481598,239728.12,234.1095,False,2026-05-29T14:05:34.336204,C:\Users\dellg\OneDrive\Documents\ZE\data\greal_W_WMZ_P_bhkw2.csv
realLeistungGebNord.csv,realLeistungGebNord.csv,.csv,245381505,239630.38,234.014,False,2026-05-29T14:07:53.163676,C:\Users\dellg\OneDrive\Documents\ZE\data\realLeistungGebNord.csv
greal_E_GebaeudeSystem.csv,greal_E_GebaeudeSystem.csv,.csv,243084393,237387.1,231.8233,False,2026-05-29T14:02:43.669151,C:\Users\dellg\OneDrive\Documents\ZE\data\greal_E_GebaeudeSystem.csv
greal_WMZ_Hz_Erz_WP.csv,greal_WMZ_Hz_Erz_WP.csv,.csv,242852229,237160.38,231.6019,False,2026-05-29T14:04:53.092838,C:\Users\dellg\OneDrive\Documents\ZE\data\greal_WMZ_Hz_Erz_WP.csv
greal_WMZ_Kalt.csv,greal_WMZ_Kalt.csv,.csv,242091312,236417.3,230.8763,False,2026-05-29T14:04:57.207069,C:\Users\dellg\OneDrive\Documents\ZE\data\greal_WMZ_Kalt.csv
greal_LeistungBHKW2.csv,greal_LeistungBHKW2.csv,.csv,242067838,236394.37,230.8539,False,2026-05-29T14:04:24.054448,C:\Users\dellg\OneDrive\Documents\ZE\data\greal_LeistungBHKW2.csv
greal_W_WMZ_P_Halle.csv,greal_W_WMZ_P_Halle.csv,.csv,241872466,236203.58,230.6676,False,2026-05-29T14:05:35.824357,C:\Users\dellg\OneDrive\Documents\ZE\data\greal_W_WMZ_P_Halle.csv
greal_E_bhkw2.csv,greal_E_bhkw2.csv,.csv,234590121,229091.92,223.7226,False,2026-05-29T14:02:37.169547,C:\Users\dellg\OneDrive\Documents\ZE\data\greal_E_bhkw2.csv
greal_W_WMZ_P_WP.csv,greal_W_WMZ_P_WP.csv,.csv,228084143,222738.42,217.518,False,2026-05-29T14:05:44.664943,C:\Users\dellg\OneDrive\Documents\ZE\data\greal_W_WMZ_P_WP.csv
greal_K_WMZ_P_WP.csv,greal_K_WMZ_P_WP.csv,.csv,227401806,222072.08,216.8673,False,2026-05-29T14:03:37.165756,C:\Users\dellg\OneDrive\Documents\ZE\data\greal_K_WMZ_P_WP.csv
real_P_BHKW.csv,real_P_BHKW.csv,.csv,214736183,209703.3,204.7884,False,2026-05-29T14:09:04.722474,C:\Users\dellg\OneDrive\Documents\ZE\data\real_P_BHKW.csv
greal_Gas_bhkw1.csv,greal_Gas_bhkw1.csv,.csv,213950424,208935.96,204.039,False,2026-05-29T14:03:05.012410,C:\Users\dellg\OneDrive\Documents\ZE\data\greal_Gas_bhkw1.csv
sun_alt.csv,sun_alt.csv,.csv,193349932,188818.29,184.3929,False,2026-05-29T14:09:23.092057,C:\Users\dellg\OneDrive\Documents\ZE\data\sun_alt.csv
sun_azi.csv,sun_azi.csv,.csv,191793055,187297.91,182.9081,False,2026-05-29T14:09:24.281453,C:\Users\dellg\OneDrive\Documents\ZE\data\sun_azi.csv
wind_tomorrow.csv,wind_tomorrow.csv,.csv,162882374,159064.82,155.3367,False,2026-05-29T14:09:28.889850,C:\Users\dellg\OneDrive\Documents\ZE\data\wind_tomorrow.csv
wind_now.csv,wind_now.csv,.csv,145551339,142139.98,138.8086,False,2026-05-29T14:09:25.819050,C:\Users\dellg\OneDrive\Documents\ZE\data\wind_now.csv
realLeistungGebSystem.csv,realLeistungGebSystem.csv,.csv,132049675,128954.76,125.9324,False,2026-05-29T14:08:03.191103,C:\Users\dellg\OneDrive\Documents\ZE\data\realLeistungGebSystem.csv
real_aktVerbrauchGasBhkwImp2.csv,real_aktVerbrauchGasBhkwImp2.csv,.csv,105612081,103136.8,100.7195,False,2026-05-29T14:08:13.716981,C:\Users\dellg\OneDrive\Documents\ZE\data\real_aktVerbrauchGasBhkwImp2.csv
real_aktVerbrauchGasBhkwImp.csv,real_aktVerbrauchGasBhkwImp.csv,.csv,103850070,101416.08,99.0391,False,2026-05-29T14:08:10.848215,C:\Users\dellg\OneDrive\Documents\ZE\data\real_aktVerbrauchGasBhkwImp.csv
real_aktVerbrauchGasBhkwImp1.csv,real_aktVerbrauchGasBhkwImp1.csv,.csv,102233614,99837.51,97.4976,False,2026-05-29T14:08:11.725127,C:\Users\dellg\OneDrive\Documents\ZE\data\real_aktVerbrauchGasBhkwImp1.csv
grealThermLeistungWaermeFBH_Sued.csv,grealThermLeistungWaermeFBH_Sued.csv,.csv,23877547,23317.92,22.7714,False,2026-05-29T14:02:30.520728,C:\Users\dellg\OneDrive\Documents\ZE\data\grealThermLeistungWaermeFBH_Sued.csv
grealThermLeistungWaermeFBH_Nord.csv,grealThermLeistungWaermeFBH_Nord.csv,.csv,22271517,21749.53,21.2398,False,2026-05-29T14:02:30.403302,C:\Users\dellg\OneDrive\Documents\ZE\data\grealThermLeistungWaermeFBH_Nord.csv
realIstTempRuecklPuffAltbau.csv,realIstTempRuecklPuffAltbau.csv,.csv,22076407,21558.99,21.0537,False,2026-05-29T14:07:31.892439,C:\Users\dellg\OneDrive\Documents\ZE\data\realIstTempRuecklPuffAltbau.csv
realLeistungsfaktorST25.csv,realLeistungsfaktorST25.csv,.csv,21899862,21386.58,20.8853,False,2026-05-29T14:08:03.522888,C:\Users\dellg\OneDrive\Documents\ZE\data\realLeistungsfaktorST25.csv
realLeistungsfaktorST24.csv,realLeistungsfaktorST24.csv,.csv,21840294,21328.41,20.8285,False,2026-05-29T14:08:03.380283,C:\Users\dellg\OneDrive\Documents\ZE\data\realLeistungsfaktorST24.csv
grealTempAussenGefiltert.csv,grealTempAussenGefiltert.csv,.csv,21689986,21181.63,20.6852,False,2026-05-29T14:02:30.311679,C:\Users\dellg\OneDrive\Documents\ZE\data\grealTempAussenGefiltert.csv
greal_VorlaufTempKennlinie.csv,greal_VorlaufTempKennlinie.csv,.csv,21423021,20920.92,20.4306,False,2026-05-29T14:04:45.335420,C:\Users\dellg\OneDrive\Documents\ZE\data\greal_VorlaufTempKennlinie.csv
grealIstWaermepumpVorlauf.csv,grealIstWaermepumpVorlauf.csv,.csv,21165428,20669.36,20.1849,False,2026-05-29T14:02:30.198570,C:\Users\dellg\OneDrive\Documents\ZE\data\grealIstWaermepumpVorlauf.csv
grealThermLeistungWaermeHalle.csv,grealThermLeistungWaermeHalle.csv,.csv,20134783,19662.87,19.202,False,2026-05-29T14:02:30.593853,C:\Users\dellg\OneDrive\Documents\ZE\data\grealThermLeistungWaermeHalle.csv
greal_VorlaufTempKennlinie_K.csv,greal_VorlaufTempKennlinie_K.csv,.csv,19245605,18794.54,18.354,False,2026-05-29T14:04:45.447182,C:\Users\dellg\OneDrive\Documents\ZE\data\greal_VorlaufTempKennlinie_K.csv
realSollwertReglerWP1.csv,realSollwertReglerWP1.csv,.csv,16935397,16538.47,16.1509,False,2026-05-29T14:08:03.608052,C:\Users\dellg\OneDrive\Documents\ZE\data\realSollwertReglerWP1.csv
greal_AZ_WP_Energie.csv,greal_AZ_WP_Energie.csv,.csv,16310536,15928.26,15.5549,False,2026-05-29T14:02:30.675311,C:\Users\dellg\OneDrive\Documents\ZE\data\greal_AZ_WP_Energie.csv
greal_SollTempAZplus.csv,greal_SollTempAZplus.csv,.csv,16295142,15913.22,15.5403,False,2026-05-29T14:04:41.443605,C:\Users\dellg\OneDrive\Documents\ZE\data\greal_SollTempAZplus.csv
TimerRuecklaufAltbau.csv,TimerRuecklaufAltbau.csv,.csv,16245340,15864.59,15.4928,False,2026-05-29T14:09:24.335743,C:\Users\dellg\OneDrive\Documents\ZE\data\TimerRuecklaufAltbau.csv
realIstTempPuffAltbau.csv,realIstTempPuffAltbau.csv,.csv,16023535,15647.98,15.2812,False,2026-05-29T14:07:31.716434,C:\Users\dellg\OneDrive\Documents\ZE\data\realIstTempPuffAltbau.csv
greal_WP3AbtauSek.csv,greal_WP3AbtauSek.csv,.csv,15550514,15186.05,14.8301,False,2026-05-29T14:05:03.183361,C:\Users\dellg\OneDrive\Documents\ZE\data\greal_WP3AbtauSek.csv
greal_WP2AbtauSek.csv,greal_WP2AbtauSek.csv,.csv,15479055,15116.26,14.762,False,2026-05-29T14:05:03.055604,C:\Users\dellg\OneDrive\Documents\ZE\data\greal_WP2AbtauSek.csv
greal_WP1AbtauSek.csv,greal_WP1AbtauSek.csv,.csv,15417943,15056.58,14.7037,False,2026-05-29T14:05:02.951109,C:\Users\dellg\OneDrive\Documents\ZE\data\greal_WP1AbtauSek.csv
real_BatterieVerlustEnergie.csv,real_BatterieVerlustEnergie.csv,.csv,2915259,2846.93,2.7802,False,2026-05-29T14:08:38.282818,C:\Users\dellg\OneDrive\Documents\ZE\data\real_BatterieVerlustEnergie.csv
greal_PV_Ges_prog.csv,greal_PV_Ges_prog.csv,.csv,2912927,2844.66,2.778,False,2026-05-29T14:04:41.335380,C:\Users\dellg\OneDrive\Documents\ZE\data\greal_PV_Ges_prog.csv
greal_RL_TempFBH_OG.csv,greal_RL_TempFBH_OG.csv,.csv,1695080,1655.35,1.6166,False,2026-05-29T14:04:41.364087,C:\Users\dellg\OneDrive\Documents\ZE\data\greal_RL_TempFBH_OG.csv
greal_VL_TempFBH_OG.csv,greal_VL_TempFBH_OG.csv,.csv,1690299,1650.68,1.612,False,2026-05-29T14:04:45.201922,C:\Users\dellg\OneDrive\Documents\ZE\data\greal_VL_TempFBH_OG.csv
greal_T_Server_EG.csv,greal_T_Server_EG.csv,.csv,1479570,1444.89,1.411,False,2026-05-29T14:04:45.134378,C:\Users\dellg\OneDrive\Documents\ZE\data\greal_T_Server_EG.csv
dintVolGasVerbrauchBhkwImp1.csv,dintVolGasVerbrauchBhkwImp1.csv,.csv,1380580,1348.22,1.3166,False,2026-05-29T14:02:21.617185,C:\Users\dellg\OneDrive\Documents\ZE\data\dintVolGasVerbrauchBhkwImp1.csv
dintVolGasVerbrauchBhkwImp2.csv,dintVolGasVerbrauchBhkwImp2.csv,.csv,1379709,1347.37,1.3158,False,2026-05-29T14:02:21.625254,C:\Users\dellg\OneDrive\Documents\ZE\data\dintVolGasVerbrauchBhkwImp2.csv
val1006.csv,val1006.csv,.csv,160418,156.66,0.153,False,2026-05-29T14:09:24.352150,C:\Users\dellg\OneDrive\Documents\ZE\data\val1006.csv
greal_StellungUmluftKlappe.csv,greal_StellungUmluftKlappe.csv,.csv,125113,122.18,0.1193,False,2026-05-29T14:04:45.110785,C:\Users\dellg\OneDrive\Documents\ZE\data\greal_StellungUmluftKlappe.csv
greal_StellungFortluftKlappe.csv,greal_StellungFortluftKlappe.csv,.csv,118028,115.26,0.1126,False,2026-05-29T14:04:45.086983,C:\Users\dellg\OneDrive\Documents\ZE\data\greal_StellungFortluftKlappe.csv
greal_realTempVorlBKT_EG.csv,greal_realTempVorlBKT_EG.csv,.csv,114478,111.79,0.1092,False,2026-05-29T14:04:41.336380,C:\Users\dellg\OneDrive\Documents\ZE\data\greal_realTempVorlBKT_EG.csv
val1007.csv,val1007.csv,.csv,114355,111.67,0.1091,False,2026-05-29T14:09:24.359474,C:\Users\dellg\OneDrive\Documents\ZE\data\val1007.csv
realTempRuecklBKT_EG.csv,realTempRuecklBKT_EG.csv,.csv,108086,105.55,0.1031,False,2026-05-29T14:08:03.710834,C:\Users\dellg\OneDrive\Documents\ZE\data\realTempRuecklBKT_EG.csv
greal_Soll_T_BKT.csv,greal_Soll_T_BKT.csv,.csv,80110,78.23,0.0764,False,2026-05-29T14:04:41.451761,C:\Users\dellg\OneDrive\Documents\ZE\data\greal_Soll_T_BKT.csv
val1008.csv,val1008.csv,.csv,48857,47.71,0.0466,False,2026-05-29T14:09:24.367252,C:\Users\dellg\OneDrive\Documents\ZE\data\val1008.csv
val1009.csv,val1009.csv,.csv,39991,39.05,0.0381,False,2026-05-29T14:09:24.377376,C:\Users\dellg\OneDrive\Documents\ZE\data\val1009.csv
A.csv,A.csv,.csv,10266,10.03,0.0098,False,2026-05-29T14:02:21.593345,C:\Users\dellg\OneDrive\Documents\ZE\data\A.csv
V_real_AbtauTemperaturBetrieb.csv,V_real_AbtauTemperaturBetrieb.csv,.csv,2928,2.86,0.0028,False,2026-05-29T14:09:24.484205,C:\Users\dellg\OneDrive\Documents\ZE\data\V_real_AbtauTemperaturBetrieb.csv
Vreal_WP_Ein_BatterieKritsch.csv,Vreal_WP_Ein_BatterieKritsch.csv,.csv,2724,2.66,0.0026,False,2026-05-29T14:09:24.429983,C:\Users\dellg\OneDrive\Documents\ZE\data\Vreal_WP_Ein_BatterieKritsch.csv
Vreal_WP_Ein_BatterieKritschHys.csv,Vreal_WP_Ein_BatterieKritschHys.csv,.csv,2691,2.63,0.0026,False,2026-05-29T14:09:24.435762,C:\Users\dellg\OneDrive\Documents\ZE\data\Vreal_WP_Ein_BatterieKritschHys.csv
_value.csv,_value.csv,.csv,2541,2.48,0.0024,False,2026-05-29T14:09:29.273974,C:\Users\dellg\OneDrive\Documents\ZE\data\_value.csv
V_real_maxVorlaufTempK.csv,V_real_maxVorlaufTempK.csv,.csv,2515,2.46,0.0024,False,2026-05-29T14:09:24.520537,C:\Users\dellg\OneDrive\Documents\ZE\data\V_real_maxVorlaufTempK.csv
V_real_minVorlaufTempK.csv,V_real_minVorlaufTempK.csv,.csv,2515,2.46,0.0024,False,2026-05-29T14:09:24.561314,C:\Users\dellg\OneDrive\Documents\ZE\data\V_real_minVorlaufTempK.csv
V_real_minVorlaufTemp.csv,V_real_minVorlaufTemp.csv,.csv,2362,2.31,0.0023,False,2026-05-29T14:09:24.552272,C:\Users\dellg\OneDrive\Documents\ZE\data\V_real_minVorlaufTemp.csv
greal_Administrator_HT.csv,greal_Administrator_HT.csv,.csv,2350,2.29,0.0022,False,2026-05-29T14:02:30.601040,C:\Users\dellg\OneDrive\Documents\ZE\data\greal_Administrator_HT.csv
V_real_maxVorlaufTemp.csv,V_real_maxVorlaufTemp.csv,.csv,2308,2.25,0.0022,False,2026-05-29T14:09:24.513351,C:\Users\dellg\OneDrive\Documents\ZE\data\V_real_maxVorlaufTemp.csv
V_real_maxVorlaufTempY4.csv,V_real_maxVorlaufTempY4.csv,.csv,2280,2.23,0.0022,False,2026-05-29T14:09:24.523538,C:\Users\dellg\OneDrive\Documents\ZE\data\V_real_maxVorlaufTempY4.csv
V_real_minVorlaufTempY4.csv,V_real_minVorlaufTempY4.csv,.csv,2280,2.23,0.0022,False,2026-05-29T14:09:24.567649,C:\Users\dellg\OneDrive\Documents\ZE\data\V_real_minVorlaufTempY4.csv
greal_Nachtabsenkung.csv,greal_Nachtabsenkung.csv,.csv,2268,2.21,0.0022,False,2026-05-29T14:04:41.312124,C:\Users\dellg\OneDrive\Documents\ZE\data\greal_Nachtabsenkung.csv
Vreal_WP_Ein_Batterie.csv,Vreal_WP_Ein_Batterie.csv,.csv,2254,2.2,0.0021,False,2026-05-29T14:09:24.418158,C:\Users\dellg\OneDrive\Documents\ZE\data\Vreal_WP_Ein_Batterie.csv
V_real_NachtabsenkungY4.csv,V_real_NachtabsenkungY4.csv,.csv,2190,2.14,0.0021,False,2026-05-29T14:09:24.582548,C:\Users\dellg\OneDrive\Documents\ZE\data\V_real_NachtabsenkungY4.csv
V_real_Nachtabsenkung.csv,V_real_Nachtabsenkung.csv,.csv,2165,2.11,0.0021,False,2026-05-29T14:09:24.571417,C:\Users\dellg\OneDrive\Documents\ZE\data\V_real_Nachtabsenkung.csv
greal_Wochenendwert.csv,greal_Wochenendwert.csv,.csv,2120,2.07,0.002,False,2026-05-29T14:05:02.867617,C:\Users\dellg\OneDrive\Documents\ZE\data\greal_Wochenendwert.csv
greal_JalousienMaxWind.csv,greal_JalousienMaxWind.csv,.csv,2117,2.07,0.002,False,2026-05-29T14:03:08.499711,C:\Users\dellg\OneDrive\Documents\ZE\data\greal_JalousienMaxWind.csv
V_realSollTempAZmax.csv,V_realSollTempAZmax.csv,.csv,2085,2.04,0.002,False,2026-05-29T14:09:24.479024,C:\Users\dellg\OneDrive\Documents\ZE\data\V_realSollTempAZmax.csv
V_realMinVL_WPcool.csv,V_realMinVL_WPcool.csv,.csv,2080,2.03,0.002,False,2026-05-29T14:09:24.471863,C:\Users\dellg\OneDrive\Documents\ZE\data\V_realMinVL_WPcool.csv
V_real_maxAT_K.csv,V_real_maxAT_K.csv,.csv,2061,2.01,0.002,False,2026-05-29T14:09:24.505294,C:\Users\dellg\OneDrive\Documents\ZE\data\V_real_maxAT_K.csv
V_real_minAT_K.csv,V_real_minAT_K.csv,.csv,2061,2.01,0.002,False,2026-05-29T14:09:24.539224,C:\Users\dellg\OneDrive\Documents\ZE\data\V_real_minAT_K.csv
V_real_maxAT.csv,V_real_maxAT.csv,.csv,1930,1.88,0.0018,False,2026-05-29T14:09:24.492955,C:\Users\dellg\OneDrive\Documents\ZE\data\V_real_maxAT.csv
V_realMaxVL_WP.csv,V_realMaxVL_WP.csv,.csv,1920,1.88,0.0018,False,2026-05-29T14:09:24.464480,C:\Users\dellg\OneDrive\Documents\ZE\data\V_realMaxVL_WP.csv
V_real_maxATY4.csv,V_real_maxATY4.csv,.csv,1920,1.88,0.0018,False,2026-05-29T14:09:24.499293,C:\Users\dellg\OneDrive\Documents\ZE\data\V_real_maxATY4.csv
V_real_minATY4.csv,V_real_minATY4.csv,.csv,1885,1.84,0.0018,False,2026-05-29T14:09:24.539224,C:\Users\dellg\OneDrive\Documents\ZE\data\V_real_minATY4.csv
V_real_minAT.csv,V_real_minAT.csv,.csv,1878,1.83,0.0018,False,2026-05-29T14:09:24.523538,C:\Users\dellg\OneDrive\Documents\ZE\data\V_real_minAT.csv
V_realAZmax.csv,V_realAZmax.csv,.csv,1765,1.72,0.0017,False,2026-05-29T14:09:24.444920,C:\Users\dellg\OneDrive\Documents\ZE\data\V_realAZmax.csv
V_realAZmin.csv,V_realAZmin.csv,.csv,1765,1.72,0.0017,False,2026-05-29T14:09:24.445924,C:\Users\dellg\OneDrive\Documents\ZE\data\V_realAZmin.csv
V_realHysWP.csv,V_realHysWP.csv,.csv,1765,1.72,0.0017,False,2026-05-29T14:09:24.445924,C:\Users\dellg\OneDrive\Documents\ZE\data\V_realHysWP.csv
greal_K_WMZ_TR_bhkw1.csv,greal_K_WMZ_TR_bhkw1.csv,.csv,459,0.45,0.0004,False,2026-05-29T14:03:42.530332,C:\Users\dellg\OneDrive\Documents\ZE\data\greal_K_WMZ_TR_bhkw1.csv
greal_K_WMZ_TR_bhkw2.csv,greal_K_WMZ_TR_bhkw2.csv,.csv,459,0.45,0.0004,False,2026-05-29T14:03:42.548482,C:\Users\dellg\OneDrive\Documents\ZE\data\greal_K_WMZ_TR_bhkw2.csv
greal_K_WMZ_TV_bhkw1.csv,greal_K_WMZ_TV_bhkw1.csv,.csv,459,0.45,0.0004,False,2026-05-29T14:04:03.132782,C:\Users\dellg\OneDrive\Documents\ZE\data\greal_K_WMZ_TV_bhkw1.csv
greal_K_WMZ_TV_bhkw2.csv,greal_K_WMZ_TV_bhkw2.csv,.csv,459,0.45,0.0004,False,2026-05-29T14:04:03.148447,C:\Users\dellg\OneDrive\Documents\ZE\data\greal_K_WMZ_TV_bhkw2.csv
Vreal_maxTempSpeicherUnten.csv,Vreal_maxTempSpeicherUnten.csv,.csv,458,0.45,0.0004,False,2026-05-29T14:09:24.407971,C:\Users\dellg\OneDrive\Documents\ZE\data\Vreal_maxTempSpeicherUnten.csv
greal_K_WMZ_E_bhkw1.csv,greal_K_WMZ_E_bhkw1.csv,.csv,453,0.44,0.0004,False,2026-05-29T14:03:11.803814,C:\Users\dellg\OneDrive\Documents\ZE\data\greal_K_WMZ_E_bhkw1.csv
greal_K_WMZ_E_bhkw2.csv,greal_K_WMZ_E_bhkw2.csv,.csv,453,0.44,0.0004,False,2026-05-29T14:03:11.811246,C:\Users\dellg\OneDrive\Documents\ZE\data\greal_K_WMZ_E_bhkw2.csv
VrealSpeicherWW_BHKW_Aus.csv,VrealSpeicherWW_BHKW_Aus.csv,.csv,444,0.43,0.0004,False,2026-05-29T14:09:24.385376,C:\Users\dellg\OneDrive\Documents\ZE\data\VrealSpeicherWW_BHKW_Aus.csv
VrealSpeicherWW_BHKW_Ein.csv,VrealSpeicherWW_BHKW_Ein.csv,.csv,444,0.43,0.0004,False,2026-05-29T14:09:24.392379,C:\Users\dellg\OneDrive\Documents\ZE\data\VrealSpeicherWW_BHKW_Ein.csv
greal_K_WMZ_TR_WP.csv,greal_K_WMZ_TR_WP.csv,.csv,441,0.43,0.0004,False,2026-05-29T14:03:56.727052,C:\Users\dellg\OneDrive\Documents\ZE\data\greal_K_WMZ_TR_WP.csv
greal_K_WMZ_TV_WP.csv,greal_K_WMZ_TV_WP.csv,.csv,441,0.43,0.0004,False,2026-05-29T14:04:19.403533,C:\Users\dellg\OneDrive\Documents\ZE\data\greal_K_WMZ_TV_WP.csv
Vreal_maxSpeicher.csv,Vreal_maxSpeicher.csv,.csv,395,0.39,0.0004,False,2026-05-29T14:09:24.400558,C:\Users\dellg\OneDrive\Documents\ZE\data\Vreal_maxSpeicher.csv
Vreal_minSpeicher.csv,Vreal_minSpeicher.csv,.csv,395,0.39,0.0004,False,2026-05-29T14:09:24.414694,C:\Users\dellg\OneDrive\Documents\ZE\data\Vreal_minSpeicher.csv
greal_K_WMZ_P_bhkw1.csv,greal_K_WMZ_P_bhkw1.csv,.csv,351,0.34,0.0003,False,2026-05-29T14:03:26.483732,C:\Users\dellg\OneDrive\Documents\ZE\data\greal_K_WMZ_P_bhkw1.csv
greal_K_WMZ_P_bhkw2.csv,greal_K_WMZ_P_bhkw2.csv,.csv,351,0.34,0.0003,False,2026-05-29T14:03:26.495565,C:\Users\dellg\OneDrive\Documents\ZE\data\greal_K_WMZ_P_bhkw2.csv
pilot.csv,pilot.csv,.csv,216,0.21,0.0002,False,2026-05-29T14:06:52.406628,C:\Users\dellg\OneDrive\Documents\ZE\data\pilot.csv
