file_name,encoding,delimiter,num_columns,column_names,single_column,has_time,has_value,has_field,has_measurement,schema_type,data_rows_estimated,sample_val_min,sample_val_max,measurement_values
A.csv,utf-8,;,5,Unnamed: 0|_time|_value|_field|_measurement,False,True,True,True,True,standard,298,0.0,60.0,A
TimerRuecklaufAltbau.csv,utf-8,;,5,Unnamed: 0|_time|_value|_field|_measurement,False,True,True,True,True,standard,285561,0.0,300000.0,TimerRuecklaufAltbau
V_realAZmax.csv,utf-8,;,5,Unnamed: 0|_time|_value|_field|_measurement,False,True,True,True,True,standard,40,0.0,4.0,V_realAZmax
V_realAZmin.csv,utf-8,;,5,Unnamed: 0|_time|_value|_field|_measurement,False,True,True,True,True,standard,40,0.0,1.0,V_realAZmin
V_realHysWP.csv,utf-8,;,5,Unnamed: 0|_time|_value|_field|_measurement,False,True,True,True,True,standard,40,0.0,5.0,V_realHysWP
V_realMaxVL_WP.csv,utf-8,;,5,Unnamed: 0|_time|_value|_field|_measurement,False,True,True,True,True,standard,40,0.0,51.0,V_realMaxVL_WP
V_realMinVL_WPcool.csv,utf-8,;,5,Unnamed: 0|_time|_value|_field|_measurement,False,True,True,True,True,standard,40,0.0,20.0,V_realMinVL_WPcool
V_realSollTempAZmax.csv,utf-8,;,5,Unnamed: 0|_time|_value|_field|_measurement,False,True,True,True,True,standard,40,0.0,2.0,V_realSollTempAZmax
V_real_AbtauTemperaturBetrieb.csv,utf-8,;,5,Unnamed: 0|_time|_value|_field|_measurement,False,True,True,True,True,standard,47,0.0,3.0,V_real_AbtauTemperaturBetrieb
V_real_Nachtabsenkung.csv,utf-8,;,5,Unnamed: 0|_time|_value|_field|_measurement,False,True,True,True,True,standard,40,0.0,2.0,V_real_Nachtabsenkung
V_real_NachtabsenkungY4.csv,utf-8,;,5,Unnamed: 0|_time|_value|_field|_measurement,False,True,True,True,True,standard,39,0.0,2.0,V_real_NachtabsenkungY4
V_real_maxAT.csv,utf-8,;,5,Unnamed: 0|_time|_value|_field|_measurement,False,True,True,True,True,standard,42,0.0,22.0,V_real_maxAT
V_real_maxATY4.csv,utf-8,;,5,Unnamed: 0|_time|_value|_field|_measurement,False,True,True,True,True,standard,40,0.0,30.0,V_real_maxATY4
V_real_maxAT_K.csv,utf-8,;,5,Unnamed: 0|_time|_value|_field|_measurement,False,True,True,True,True,standard,43,0.0,30.0,V_real_maxAT_K
V_real_maxVorlaufTemp.csv,utf-8,;,5,Unnamed: 0|_time|_value|_field|_measurement,False,True,True,True,True,standard,42,0.0,39.0,V_real_maxVorlaufTemp
V_real_maxVorlaufTempK.csv,utf-8,;,5,Unnamed: 0|_time|_value|_field|_measurement,False,True,True,True,True,standard,45,0.0,18.0,V_real_maxVorlaufTempK
V_real_maxVorlaufTempY4.csv,utf-8,;,5,Unnamed: 0|_time|_value|_field|_measurement,False,True,True,True,True,standard,40,0.0,38.0,V_real_maxVorlaufTempY4
V_real_minAT.csv,utf-8,;,5,Unnamed: 0|_time|_value|_field|_measurement,False,True,True,True,True,standard,41,-2.0,0.0,V_real_minAT
V_real_minATY4.csv,utf-8,;,5,Unnamed: 0|_time|_value|_field|_measurement,False,True,True,True,True,standard,40,0.0,3.0,V_real_minATY4
V_real_minAT_K.csv,utf-8,;,5,Unnamed: 0|_time|_value|_field|_measurement,False,True,True,True,True,standard,43,0.0,24.0,V_real_minAT_K
V_real_minVorlaufTemp.csv,utf-8,;,5,Unnamed: 0|_time|_value|_field|_measurement,False,True,True,True,True,standard,43,0.0,27.0,V_real_minVorlaufTemp
V_real_minVorlaufTempK.csv,utf-8,;,5,Unnamed: 0|_time|_value|_field|_measurement,False,True,True,True,True,standard,45,0.0,15.0,V_real_minVorlaufTempK
V_real_minVorlaufTempY4.csv,utf-8,;,5,Unnamed: 0|_time|_value|_field|_measurement,False,True,True,True,True,standard,40,0.0,15.0,V_real_minVorlaufTempY4
VrealSpeicherWW_BHKW_Aus.csv,utf-8,;,5,Unnamed: 0|_time|_value|_field|_measurement,False,True,True,True,True,standard,7,50.0,50.0,VrealSpeicherWW_BHKW_Aus
VrealSpeicherWW_BHKW_Ein.csv,utf-8,;,5,Unnamed: 0|_time|_value|_field|_measurement,False,True,True,True,True,standard,7,30.0,30.0,VrealSpeicherWW_BHKW_Ein
Vreal_WP_Ein_Batterie.csv,utf-8,;,5,Unnamed: 0|_time|_value|_field|_measurement,False,True,True,True,True,standard,41,0.0,76.0,Vreal_WP_Ein_Batterie
Vreal_WP_Ein_BatterieKritsch.csv,utf-8,;,5,Unnamed: 0|_time|_value|_field|_measurement,False,True,True,True,True,standard,44,0.0,82.0,Vreal_WP_Ein_BatterieKritsch
Vreal_WP_Ein_BatterieKritschHys.csv,utf-8,;,5,Unnamed: 0|_time|_value|_field|_measurement,False,True,True,True,True,standard,42,0.0,5.0,Vreal_WP_Ein_BatterieKritschHys
Vreal_maxSpeicher.csv,utf-8,;,5,Unnamed: 0|_time|_value|_field|_measurement,False,True,True,True,True,standard,7,50.0,50.0,Vreal_maxSpeicher
Vreal_maxTempSpeicherUnten.csv,utf-8,;,5,Unnamed: 0|_time|_value|_field|_measurement,False,True,True,True,True,standard,7,60.0,60.0,Vreal_maxTempSpeicherUnten
Vreal_minSpeicher.csv,utf-8,;,5,Unnamed: 0|_time|_value|_field|_measurement,False,True,True,True,True,standard,7,25.0,25.0,Vreal_minSpeicher
_value.csv,utf-8,;,5,Unnamed: 0|_time|_value|_field|_measurement,False,True,True,True,True,standard,64,29.0,49.0,_value
dintVolGasVerbrauchBhkwImp1.csv,utf-8,;,5,Unnamed: 0|_time|_value|_field|_measurement,False,True,True,True,True,standard,20671,544370534.0,544370534.0,dintVolGasVerbrauchBhkwImp1
dintVolGasVerbrauchBhkwImp2.csv,utf-8,;,5,Unnamed: 0|_time|_value|_field|_measurement,False,True,True,True,True,standard,20658,977635032.0,977635032.0,dintVolGasVerbrauchBhkwImp2
grealCluster_1_Ladung.csv,utf-8,;,5,Unnamed: 0|_time|_value|_field|_measurement,False,True,True,True,True,standard,4544164,66.0,66.0,grealCluster_1_Ladung
grealCluster_1_Spannung.csv,utf-8,;,5,Unnamed: 0|_time|_value|_field|_measurement,False,True,True,True,True,standard,4503854,49.5,50.8,grealCluster_1_Spannung
grealCluster_2_Ladung.csv,utf-8,;,5,Unnamed: 0|_time|_value|_field|_measurement,False,True,True,True,True,standard,4543789,66.0,66.0,grealCluster_2_Ladung
grealCluster_2_Spannung.csv,utf-8,;,5,Unnamed: 0|_time|_value|_field|_measurement,False,True,True,True,True,standard,4462279,48.8,50.3,grealCluster_2_Spannung
grealCluster_3_Ladung.csv,utf-8,;,5,Unnamed: 0|_time|_value|_field|_measurement,False,True,True,True,True,standard,4543963,66.0,67.0,grealCluster_3_Ladung
grealCluster_3_Spannung.csv,utf-8,;,5,Unnamed: 0|_time|_value|_field|_measurement,False,True,True,True,True,standard,4492280,48.5,50.2,grealCluster_3_Spannung
grealCluster_4_Ladung.csv,utf-8,;,5,Unnamed: 0|_time|_value|_field|_measurement,False,True,True,True,True,standard,4543843,65.0,65.0,grealCluster_4_Ladung
grealCluster_4_Spannung.csv,utf-8,;,5,Unnamed: 0|_time|_value|_field|_measurement,False,True,True,True,True,standard,4672369,50.0,51.2,grealCluster_4_Spannung
grealIstWaermepumpVorlauf.csv,utf-8,;,5,Unnamed: 0|_time|_value|_field|_measurement,False,True,True,True,True,standard,299704,35.5,50.9,grealIstWaermepumpVorlauf
grealTempAussenGefiltert.csv,utf-8,;,5,Unnamed: 0|_time|_value|_field|_measurement,False,True,True,True,True,standard,300072,4.7168,4.8452,grealTempAussenGefiltert
grealThermLeistungWaermeFBH_Nord.csv,utf-8,;,5,Unnamed: 0|_time|_value|_field|_measurement,False,True,True,True,True,standard,279117,0.13,2.46,grealThermLeistungWaermeFBH_Nord
grealThermLeistungWaermeFBH_Sued.csv,utf-8,;,5,Unnamed: 0|_time|_value|_field|_measurement,False,True,True,True,True,standard,322563,0.0,1.59,grealThermLeistungWaermeFBH_Sued
grealThermLeistungWaermeHalle.csv,utf-8,;,5,Unnamed: 0|_time|_value|_field|_measurement,False,True,True,True,True,standard,317882,0.0,0.0,grealThermLeistungWaermeHalle
greal_AZ_WP_Energie.csv,utf-8,;,5,Unnamed: 0|_time|_value|_field|_measurement,False,True,True,True,True,standard,307945,0.0,0.0,greal_AZ_WP_Energie
greal_Administrator_HT.csv,utf-8,;,5,Unnamed: 0|_time|_value|_field|_measurement,False,True,True,True,True,standard,42,0.0,21.0,greal_Administrator_HT
greal_BatterieLadeZustand.csv,utf-8,;,5,Unnamed: 0|_time|_value|_field|_measurement,False,True,True,True,True,standard,4535432,71.25,71.5,greal_BatterieLadeZustand
greal_EK_WMZ_WWout.csv,utf-8,;,5,Unnamed: 0|_time|_value|_field|_measurement,False,True,True,True,True,standard,4548474,144.12,144.12,greal_EK_WMZ_WWout
greal_E_BatterieAbgabe.csv,utf-8,;,5,Unnamed: 0|_time|_value|_field|_measurement,False,True,True,True,True,standard,4378652,14.8392,15.682,greal_E_BatterieAbgabe
greal_E_BatterieLaden.csv,utf-8,;,5,Unnamed: 0|_time|_value|_field|_measurement,False,True,True,True,True,standard,4362149,30.3963,30.3963,greal_E_BatterieLaden
greal_E_ErzeugungEnFa.csv,utf-8,;,5,Unnamed: 0|_time|_value|_field|_measurement,False,True,True,True,True,standard,4364344,138.9631,139.145,greal_E_ErzeugungEnFa
greal_E_Gebaeude.csv,utf-8,;,5,Unnamed: 0|_time|_value|_field|_measurement,False,True,True,True,True,standard,4336016,50.7577,82.8667,greal_E_Gebaeude
greal_E_GebaeudeNord.csv,utf-8,;,5,Unnamed: 0|_time|_value|_field|_measurement,False,True,True,True,True,standard,3968496,28.522,28.8398,greal_E_GebaeudeNord
greal_E_GebaeudeSued.csv,utf-8,;,5,Unnamed: 0|_time|_value|_field|_measurement,False,True,True,True,True,standard,4303982,42.6652,43.3018,greal_E_GebaeudeSued
greal_E_GebaeudeSystem.csv,utf-8,;,5,Unnamed: 0|_time|_value|_field|_measurement,False,True,True,True,True,standard,4470789,0.0,0.0,greal_E_GebaeudeSystem
greal_E_Gesamtverbrauch.csv,utf-8,;,5,Unnamed: 0|_time|_value|_field|_measurement,False,True,True,True,True,standard,4298695,124.2355,125.2421,greal_E_Gesamtverbrauch
greal_E_PV1.csv,utf-8,;,5,Unnamed: 0|_time|_value|_field|_measurement,False,True,True,True,True,standard,4361304,3481.6069,3481.6089,greal_E_PV1
greal_E_PV2.csv,utf-8,;,5,Unnamed: 0|_time|_value|_field|_measurement,False,True,True,True,True,standard,4347280,3837.614,3837.616,greal_E_PV2
greal_E_PV3.csv,utf-8,;,5,Unnamed: 0|_time|_value|_field|_measurement,False,True,True,True,True,standard,4600359,3024.5791,3024.5801,greal_E_PV3
greal_E_PV4.csv,utf-8,;,5,Unnamed: 0|_time|_value|_field|_measurement,False,True,True,True,True,standard,4546376,5574.1592,5574.1611,greal_E_PV4
greal_E_PV5.csv,utf-8,;,5,Unnamed: 0|_time|_value|_field|_measurement,False,True,True,True,True,standard,4505774,7881.502,7881.5049,greal_E_PV5
greal_E_PV6.csv,utf-8,;,5,Unnamed: 0|_time|_value|_field|_measurement,False,True,True,True,True,standard,4514723,8314.29,8314.2949,greal_E_PV6
greal_E_PV7.csv,utf-8,;,5,Unnamed: 0|_time|_value|_field|_measurement,False,True,True,True,True,standard,4548896,8215.8398,8215.8447,greal_E_PV7
greal_E_PV_Gesamt.csv,utf-8,;,5,Unnamed: 0|_time|_value|_field|_measurement,False,True,True,True,True,standard,4452981,40329.6206,40329.6206,greal_E_PV_Gesamt
greal_E_Tankstelle1.csv,utf-8,;,5,Unnamed: 0|_time|_value|_field|_measurement,False,True,True,True,True,standard,4359285,0.076,0.077,greal_E_Tankstelle1
greal_E_Tankstelle2.csv,utf-8,;,5,Unnamed: 0|_time|_value|_field|_measurement,False,True,True,True,True,standard,4459139,8.8419,8.8419,greal_E_Tankstelle2
greal_E_Tankstelle3.csv,utf-8,;,5,Unnamed: 0|_time|_value|_field|_measurement,False,True,True,True,True,standard,4375250,42.0375,42.0375,greal_E_Tankstelle3
greal_E_WP.csv,utf-8,;,5,Unnamed: 0|_time|_value|_field|_measurement,False,True,True,True,True,standard,4311351,0.993,1.007,greal_E_WP
greal_E__WMZ_BHKW.csv,utf-8,;,5,Unnamed: 0|_time|_value|_field|_measurement,False,True,True,True,True,standard,4404278,140.34,294.42,greal_E__WMZ_BHKW
greal_E__WMZ_WWout.csv,utf-8,;,5,Unnamed: 0|_time|_value|_field|_measurement,False,True,True,True,True,standard,4447175,378.37,378.37,greal_E__WMZ_WWout
greal_E_bhkw1.csv,utf-8,;,5,Unnamed: 0|_time|_value|_field|_measurement,False,True,True,True,True,standard,4301047,13.875,13.875,greal_E_bhkw1
greal_E_bhkw2.csv,utf-8,;,5,Unnamed: 0|_time|_value|_field|_measurement,False,True,True,True,True,standard,3780015,111.4784,111.4784,greal_E_bhkw2
greal_Gas_bhkw1.csv,utf-8,;,5,Unnamed: 0|_time|_value|_field|_measurement,False,True,True,True,True,standard,4526944,0.0,0.0,greal_Gas_bhkw1
greal_Gas_bhkw2.csv,utf-8,;,5,Unnamed: 0|_time|_value|_field|_measurement,False,True,True,True,True,standard,4526673,4.0079,4.0079,greal_Gas_bhkw2
greal_Gas_bhkwges.csv,utf-8,;,5,Unnamed: 0|_time|_value|_field|_measurement,False,True,True,True,True,standard,4530358,4.0079,4.0079,greal_Gas_bhkwges
greal_JalousienMaxWind.csv,utf-8,;,5,Unnamed: 0|_time|_value|_field|_measurement,False,True,True,True,True,standard,37,0.0,0.0,greal_JalousienMaxWind
greal_K_WMZ_E_Altbau.csv,utf-8,;,5,Unnamed: 0|_time|_value|_field|_measurement,False,True,True,True,True,standard,4439271,48.04,55.86,greal_K_WMZ_E_Altbau
greal_K_WMZ_E_Bespr.csv,utf-8,;,5,Unnamed: 0|_time|_value|_field|_measurement,False,True,True,True,True,standard,4477438,0.269,0.269,greal_K_WMZ_E_Bespr
greal_K_WMZ_E_GF.csv,utf-8,;,5,Unnamed: 0|_time|_value|_field|_measurement,False,True,True,True,True,standard,4467905,0.02,0.02,greal_K_WMZ_E_GF
greal_K_WMZ_E_Halle.csv,utf-8,;,5,Unnamed: 0|_time|_value|_field|_measurement,False,True,True,True,True,standard,4214220,7.48,48.04,greal_K_WMZ_E_Halle
greal_K_WMZ_E_Nord.csv,utf-8,;,5,Unnamed: 0|_time|_value|_field|_measurement,False,True,True,True,True,standard,4289122,7.48,32.74,greal_K_WMZ_E_Nord
greal_K_WMZ_E_Server.csv,utf-8,;,5,Unnamed: 0|_time|_value|_field|_measurement,False,True,True,True,True,standard,4548737,0.003,0.003,greal_K_WMZ_E_Server
greal_K_WMZ_E_Sued.csv,utf-8,;,5,Unnamed: 0|_time|_value|_field|_measurement,False,True,True,True,True,standard,4491821,32.74,55.86,greal_K_WMZ_E_Sued
greal_K_WMZ_E_WP.csv,utf-8,;,5,Unnamed: 0|_time|_value|_field|_measurement,False,True,True,True,True,standard,4546790,0.003,144.21,greal_K_WMZ_E_WP
greal_K_WMZ_E_bhkw1.csv,utf-8,;,5,Unnamed: 0|_time|_value|_field|_measurement,False,True,True,True,True,standard,6,0.269,0.269,greal_K_WMZ_E_bhkw1
greal_K_WMZ_E_bhkw2.csv,utf-8,;,5,Unnamed: 0|_time|_value|_field|_measurement,False,True,True,True,True,standard,6,0.02,0.02,greal_K_WMZ_E_bhkw2
greal_K_WMZ_P_Altbau.csv,utf-8,;,5,Unnamed: 0|_time|_value|_field|_measurement,False,True,True,True,True,standard,4899152,0.0,0.0,greal_K_WMZ_P_Altbau
greal_K_WMZ_P_Bespr.csv,utf-8,;,5,Unnamed: 0|_time|_value|_field|_measurement,False,True,True,True,True,standard,4866051,0.0,0.0,greal_K_WMZ_P_Bespr
greal_K_WMZ_P_GF.csv,utf-8,;,5,Unnamed: 0|_time|_value|_field|_measurement,False,True,True,True,True,standard,5164329,0.0,0.0,greal_K_WMZ_P_GF
greal_K_WMZ_P_Halle.csv,utf-8,;,5,Unnamed: 0|_time|_value|_field|_measurement,False,True,True,True,True,standard,4666181,0.0,0.0,greal_K_WMZ_P_Halle
greal_K_WMZ_P_Nord.csv,utf-8,;,5,Unnamed: 0|_time|_value|_field|_measurement,False,True,True,True,True,standard,3756304,0.0,0.47,greal_K_WMZ_P_Nord
greal_K_WMZ_P_Server.csv,utf-8,;,5,Unnamed: 0|_time|_value|_field|_measurement,False,True,True,True,True,standard,5080336,0.0,0.0,greal_K_WMZ_P_Server
greal_K_WMZ_P_Sued.csv,utf-8,;,5,Unnamed: 0|_time|_value|_field|_measurement,False,True,True,True,True,standard,4649178,0.0,1.08,greal_K_WMZ_P_Sued
greal_K_WMZ_P_WP.csv,utf-8,;,5,Unnamed: 0|_time|_value|_field|_measurement,False,True,True,True,True,standard,4737536,0.0,0.0,greal_K_WMZ_P_WP
greal_K_WMZ_P_bhkw1.csv,utf-8,;,5,Unnamed: 0|_time|_value|_field|_measurement,False,True,True,True,True,standard,6,0.0,0.0,greal_K_WMZ_P_bhkw1
greal_K_WMZ_P_bhkw2.csv,utf-8,;,5,Unnamed: 0|_time|_value|_field|_measurement,False,True,True,True,True,standard,6,0.0,0.0,greal_K_WMZ_P_bhkw2
greal_K_WMZ_TR_Altbau.csv,utf-8,;,5,Unnamed: 0|_time|_value|_field|_measurement,False,True,True,True,True,standard,5047251,24.7,33.6,greal_K_WMZ_TR_Altbau
greal_K_WMZ_TR_Bespr.csv,utf-8,;,5,Unnamed: 0|_time|_value|_field|_measurement,False,True,True,True,True,standard,4703149,19.4,19.4,greal_K_WMZ_TR_Bespr
greal_K_WMZ_TR_GF.csv,utf-8,;,5,Unnamed: 0|_time|_value|_field|_measurement,False,True,True,True,True,standard,4695608,18.7,18.7,greal_K_WMZ_TR_GF
greal_K_WMZ_TR_Halle.csv,utf-8,;,5,Unnamed: 0|_time|_value|_field|_measurement,False,True,True,True,True,standard,4578604,21.7,25.0,greal_K_WMZ_TR_Halle
greal_K_WMZ_TR_Nord.csv,utf-8,;,5,Unnamed: 0|_time|_value|_field|_measurement,False,True,True,True,True,standard,4711826,21.8,33.3,greal_K_WMZ_TR_Nord
greal_K_WMZ_TR_Server.csv,utf-8,;,5,Unnamed: 0|_time|_value|_field|_measurement,False,True,True,True,True,standard,4724742,17.4,17.4,greal_K_WMZ_TR_Server
greal_K_WMZ_TR_Sued.csv,utf-8,;,5,Unnamed: 0|_time|_value|_field|_measurement,False,True,True,True,True,standard,4888012,33.1,35.4,greal_K_WMZ_TR_Sued
greal_K_WMZ_TR_WP.csv,utf-8,;,5,Unnamed: 0|_time|_value|_field|_measurement,False,True,True,True,True,standard,6,17.4,17.4,greal_K_WMZ_TR_WP
greal_K_WMZ_TR_bhkw1.csv,utf-8,;,5,Unnamed: 0|_time|_value|_field|_measurement,False,True,True,True,True,standard,6,19.4,19.4,greal_K_WMZ_TR_bhkw1
greal_K_WMZ_TR_bhkw2.csv,utf-8,;,5,Unnamed: 0|_time|_value|_field|_measurement,False,True,True,True,True,standard,6,18.7,18.7,greal_K_WMZ_TR_bhkw2
greal_K_WMZ_TV_Altbau.csv,utf-8,;,5,Unnamed: 0|_time|_value|_field|_measurement,False,True,True,True,True,standard,5047226,24.7,33.6,greal_K_WMZ_TV_Altbau
greal_K_WMZ_TV_Bespr.csv,utf-8,;,5,Unnamed: 0|_time|_value|_field|_measurement,False,True,True,True,True,standard,4703104,19.4,19.4,greal_K_WMZ_TV_Bespr
greal_K_WMZ_TV_GF.csv,utf-8,;,5,Unnamed: 0|_time|_value|_field|_measurement,False,True,True,True,True,standard,4695661,18.7,18.7,greal_K_WMZ_TV_GF
greal_K_WMZ_TV_Halle.csv,utf-8,;,5,Unnamed: 0|_time|_value|_field|_measurement,False,True,True,True,True,standard,4578704,21.7,25.0,greal_K_WMZ_TV_Halle
greal_K_WMZ_TV_Nord.csv,utf-8,;,5,Unnamed: 0|_time|_value|_field|_measurement,False,True,True,True,True,standard,4711712,21.8,33.3,greal_K_WMZ_TV_Nord
greal_K_WMZ_TV_Server.csv,utf-8,;,5,Unnamed: 0|_time|_value|_field|_measurement,False,True,True,True,True,standard,4724565,17.4,17.4,greal_K_WMZ_TV_Server
greal_K_WMZ_TV_Sued.csv,utf-8,;,5,Unnamed: 0|_time|_value|_field|_measurement,False,True,True,True,True,standard,4887812,33.1,35.4,greal_K_WMZ_TV_Sued
greal_K_WMZ_TV_WP.csv,utf-8,;,5,Unnamed: 0|_time|_value|_field|_measurement,False,True,True,True,True,standard,6,17.4,17.4,greal_K_WMZ_TV_WP
greal_K_WMZ_TV_bhkw1.csv,utf-8,;,5,Unnamed: 0|_time|_value|_field|_measurement,False,True,True,True,True,standard,6,19.4,19.4,greal_K_WMZ_TV_bhkw1
greal_K_WMZ_TV_bhkw2.csv,utf-8,;,5,Unnamed: 0|_time|_value|_field|_measurement,False,True,True,True,True,standard,6,18.7,18.7,greal_K_WMZ_TV_bhkw2
greal_LeistungBHKW1.csv,utf-8,;,5,Unnamed: 0|_time|_value|_field|_measurement,False,True,True,True,True,standard,4690318,0.0,0.0,greal_LeistungBHKW1
greal_LeistungBHKW2.csv,utf-8,;,5,Unnamed: 0|_time|_value|_field|_measurement,False,True,True,True,True,standard,4530891,0.0,0.0,greal_LeistungBHKW2
greal_LeistungGebaeude.csv,utf-8,;,5,Unnamed: 0|_time|_value|_field|_measurement,False,True,True,True,True,standard,4913970,10.0,38.9511,greal_LeistungGebaeude
greal_LeistungTankStelle1.csv,utf-8,;,5,Unnamed: 0|_time|_value|_field|_measurement,False,True,True,True,True,standard,4355012,0.0,4.0685,greal_LeistungTankStelle1
greal_LeistungTankStelle2.csv,utf-8,;,5,Unnamed: 0|_time|_value|_field|_measurement,False,True,True,True,True,standard,3934366,3.3184,3.806,greal_LeistungTankStelle2
greal_LeistungTankStelle3.csv,utf-8,;,5,Unnamed: 0|_time|_value|_field|_measurement,False,True,True,True,True,standard,4614438,0.0,0.0,greal_LeistungTankStelle3
greal_LeistungTankStellen.csv,utf-8,;,5,Unnamed: 0|_time|_value|_field|_measurement,False,True,True,True,True,standard,4420291,10.5234,15.7076,greal_LeistungTankStellen
greal_Nachtabsenkung.csv,utf-8,;,5,Unnamed: 0|_time|_value|_field|_measurement,False,True,True,True,True,standard,42,0.0,19.0,greal_Nachtabsenkung
greal_PV_Ges_prog.csv,utf-8,;,5,Unnamed: 0|_time|_value|_field|_measurement,False,True,True,True,True,standard,51676,0.0,5.6557,greal_PV_Ges_prog
greal_RL_TempFBH_OG.csv,utf-8,;,5,Unnamed: 0|_time|_value|_field|_measurement,False,True,True,True,True,standard,25381,28.0,29.1,greal_RL_TempFBH_OG
greal_SollTempAZplus.csv,utf-8,;,5,Unnamed: 0|_time|_value|_field|_measurement,False,True,True,True,True,standard,299698,0.0,0.0,greal_SollTempAZplus
greal_Soll_T_BKT.csv,utf-8,;,5,Unnamed: 0|_time|_value|_field|_measurement,False,True,True,True,True,standard,1628,16.0,18.0,greal_Soll_T_BKT
greal_Speicher_WW_Prozent.csv,utf-8,;,5,Unnamed: 0|_time|_value|_field|_measurement,False,True,True,True,True,standard,4240306,39.9,40.4,greal_Speicher_WW_Prozent
greal_StellungFortluftKlappe.csv,utf-8,;,5,Unnamed: 0|_time|_value|_field|_measurement,False,True,True,True,True,standard,1708,49.979,79.9947,greal_StellungFortluftKlappe
greal_StellungUmluftKlappe.csv,utf-8,;,5,Unnamed: 0|_time|_value|_field|_measurement,False,True,True,True,True,standard,1689,21.188,51.3905,greal_StellungUmluftKlappe
greal_T_Server_EG.csv,utf-8,;,5,Unnamed: 0|_time|_value|_field|_measurement,False,True,True,True,True,standard,23839,0.0,22.3,greal_T_Server_EG
greal_VL_TempFBH_OG.csv,utf-8,;,5,Unnamed: 0|_time|_value|_field|_measurement,False,True,True,True,True,standard,26409,37.2,38.3,greal_VL_TempFBH_OG
greal_VorlaufTempKennlinie.csv,utf-8,;,5,Unnamed: 0|_time|_value|_field|_measurement,False,True,True,True,True,standard,289405,37.1175,38.0171,greal_VorlaufTempKennlinie
greal_VorlaufTempKennlinie_K.csv,utf-8,;,5,Unnamed: 0|_time|_value|_field|_measurement,False,True,True,True,True,standard,313241,18.0,18.0,greal_VorlaufTempKennlinie_K
greal_WMZ_Hz_Erz_BHKW.csv,utf-8,;,5,Unnamed: 0|_time|_value|_field|_measurement,False,True,True,True,True,standard,3834665,25.34,25.47,greal_WMZ_Hz_Erz_BHKW
greal_WMZ_Hz_Erz_WP.csv,utf-8,;,5,Unnamed: 0|_time|_value|_field|_measurement,False,True,True,True,True,standard,4585099,0.0,0.0,greal_WMZ_Hz_Erz_WP
greal_WMZ_Hz_Erz_ges.csv,utf-8,;,5,Unnamed: 0|_time|_value|_field|_measurement,False,True,True,True,True,standard,3898827,25.34,25.47,greal_WMZ_Hz_Erz_ges
greal_WMZ_Kalt.csv,utf-8,;,5,Unnamed: 0|_time|_value|_field|_measurement,False,True,True,True,True,standard,5240582,0.0,0.0,greal_WMZ_Kalt
greal_WMZ_Kalt_Erz_WP.csv,utf-8,;,5,Unnamed: 0|_time|_value|_field|_measurement,False,True,True,True,True,standard,4739479,0.0,0.0,greal_WMZ_Kalt_Erz_WP
greal_WMZ_Warm.csv,utf-8,;,5,Unnamed: 0|_time|_value|_field|_measurement,False,True,True,True,True,standard,4486119,1.97,2.12,greal_WMZ_Warm
greal_WP1AbtauSek.csv,utf-8,;,5,Unnamed: 0|_time|_value|_field|_measurement,False,True,True,True,True,standard,301130,511.0,511.0,greal_WP1AbtauSek
greal_WP2AbtauSek.csv,utf-8,;,5,Unnamed: 0|_time|_value|_field|_measurement,False,True,True,True,True,standard,302324,241.0,241.0,greal_WP2AbtauSek
greal_WP3AbtauSek.csv,utf-8,;,5,Unnamed: 0|_time|_value|_field|_measurement,False,True,True,True,True,standard,298657,2217.0,2217.0,greal_WP3AbtauSek
greal_W_WMZ_E_Altbau.csv,utf-8,;,5,Unnamed: 0|_time|_value|_field|_measurement,False,True,True,True,True,standard,4504810,126.83,147.83,greal_W_WMZ_E_Altbau
greal_W_WMZ_E_Halle.csv,utf-8,;,5,Unnamed: 0|_time|_value|_field|_measurement,False,True,True,True,True,standard,4219426,0.0016,3.82,greal_W_WMZ_E_Halle
greal_W_WMZ_E_Nord.csv,utf-8,;,5,Unnamed: 0|_time|_value|_field|_measurement,False,True,True,True,True,standard,4696993,3.82,98.75,greal_W_WMZ_E_Nord
greal_W_WMZ_E_Sued.csv,utf-8,;,5,Unnamed: 0|_time|_value|_field|_measurement,False,True,True,True,True,standard,4528998,98.75,126.83,greal_W_WMZ_E_Sued
greal_W_WMZ_E_WP.csv,utf-8,;,5,Unnamed: 0|_time|_value|_field|_measurement,False,True,True,True,True,standard,4403095,0.0016,139.57,greal_W_WMZ_E_WP
greal_W_WMZ_E_bhkw1.csv,utf-8,;,5,Unnamed: 0|_time|_value|_field|_measurement,False,True,True,True,True,standard,4324643,139.57,139.57,greal_W_WMZ_E_bhkw1
greal_W_WMZ_E_bhkw2.csv,utf-8,;,5,Unnamed: 0|_time|_value|_field|_measurement,False,True,True,True,True,standard,4382646,153.57,153.57,greal_W_WMZ_E_bhkw2
greal_W_WMZ_P_Altbau.csv,utf-8,;,5,Unnamed: 0|_time|_value|_field|_measurement,False,True,True,True,True,standard,4575451,0.0,0.0,greal_W_WMZ_P_Altbau
greal_W_WMZ_P_Halle.csv,utf-8,;,5,Unnamed: 0|_time|_value|_field|_measurement,False,True,True,True,True,standard,4291030,0.06,0.06,greal_W_WMZ_P_Halle
greal_W_WMZ_P_Nord.csv,utf-8,;,5,Unnamed: 0|_time|_value|_field|_measurement,False,True,True,True,True,standard,3829602,5.56,5.63,greal_W_WMZ_P_Nord
greal_W_WMZ_P_Sued.csv,utf-8,;,5,Unnamed: 0|_time|_value|_field|_measurement,False,True,True,True,True,standard,4238829,6.42,6.75,greal_W_WMZ_P_Sued
greal_W_WMZ_P_WP.csv,utf-8,;,5,Unnamed: 0|_time|_value|_field|_measurement,False,True,True,True,True,standard,4529013,0.0,0.0,greal_W_WMZ_P_WP
greal_W_WMZ_P_bhkw1.csv,utf-8,;,5,Unnamed: 0|_time|_value|_field|_measurement,False,True,True,True,True,standard,3744003,1.21,1.27,greal_W_WMZ_P_bhkw1
greal_W_WMZ_P_bhkw2.csv,utf-8,;,5,Unnamed: 0|_time|_value|_field|_measurement,False,True,True,True,True,standard,3915558,0.47,0.49,greal_W_WMZ_P_bhkw2
greal_W_WMZ_TR_Altbau.csv,utf-8,;,5,Unnamed: 0|_time|_value|_field|_measurement,False,True,True,True,True,standard,4759930,33.9,34.5,greal_W_WMZ_TR_Altbau
greal_W_WMZ_TR_Halle.csv,utf-8,;,5,Unnamed: 0|_time|_value|_field|_measurement,False,True,True,True,True,standard,4332927,20.1,20.2,greal_W_WMZ_TR_Halle
greal_W_WMZ_TR_Nord.csv,utf-8,;,5,Unnamed: 0|_time|_value|_field|_measurement,False,True,True,True,True,standard,4509423,35.5,35.6,greal_W_WMZ_TR_Nord
greal_W_WMZ_TR_Sued.csv,utf-8,;,5,Unnamed: 0|_time|_value|_field|_measurement,False,True,True,True,True,standard,4633645,35.6,35.7,greal_W_WMZ_TR_Sued
greal_W_WMZ_TR_WP.csv,utf-8,;,5,Unnamed: 0|_time|_value|_field|_measurement,False,True,True,True,True,standard,4719066,34.0,34.5,greal_W_WMZ_TR_WP
greal_W_WMZ_TR_bhkw1.csv,utf-8,;,5,Unnamed: 0|_time|_value|_field|_measurement,False,True,True,True,True,standard,4765681,42.5,43.6,greal_W_WMZ_TR_bhkw1
greal_W_WMZ_TR_bhkw2.csv,utf-8,;,5,Unnamed: 0|_time|_value|_field|_measurement,False,True,True,True,True,standard,4750474,40.6,41.4,greal_W_WMZ_TR_bhkw2
greal_W_WMZ_TV_Altbau.csv,utf-8,;,5,Unnamed: 0|_time|_value|_field|_measurement,False,True,True,True,True,standard,4760229,33.9,34.5,greal_W_WMZ_TV_Altbau
greal_W_WMZ_TV_Halle.csv,utf-8,;,5,Unnamed: 0|_time|_value|_field|_measurement,False,True,True,True,True,standard,4333239,20.1,20.2,greal_W_WMZ_TV_Halle
greal_W_WMZ_TV_Nord.csv,utf-8,;,5,Unnamed: 0|_time|_value|_field|_measurement,False,True,True,True,True,standard,4509885,35.5,35.6,greal_W_WMZ_TV_Nord
greal_W_WMZ_TV_Sued.csv,utf-8,;,5,Unnamed: 0|_time|_value|_field|_measurement,False,True,True,True,True,standard,4634010,35.6,35.7,greal_W_WMZ_TV_Sued
greal_W_WMZ_TV_WP.csv,utf-8,;,5,Unnamed: 0|_time|_value|_field|_measurement,False,True,True,True,True,standard,4719625,34.0,34.5,greal_W_WMZ_TV_WP
greal_W_WMZ_TV_bhkw1.csv,utf-8,;,5,Unnamed: 0|_time|_value|_field|_measurement,False,True,True,True,True,standard,4766120,42.5,43.6,greal_W_WMZ_TV_bhkw1
greal_W_WMZ_TV_bhkw2.csv,utf-8,;,5,Unnamed: 0|_time|_value|_field|_measurement,False,True,True,True,True,standard,4750953,40.6,41.4,greal_W_WMZ_TV_bhkw2
greal_Wochenendwert.csv,utf-8,;,5,Unnamed: 0|_time|_value|_field|_measurement,False,True,True,True,True,standard,40,0.0,19.0,greal_Wochenendwert
greal_realTempVorlBKT_EG.csv,utf-8,;,5,Unnamed: 0|_time|_value|_field|_measurement,False,True,True,True,True,standard,1638,24.8,26.6,greal_realTempVorlBKT_EG
green_bat.csv,utf-8,;,5,Unnamed: 0|_time|_value|_field|_measurement,False,True,True,True,True,standard,5468138,0.0486,8.2455,green_bat
green_t1.csv,utf-8,;,5,Unnamed: 0|_time|_value|_field|_measurement,False,True,True,True,True,standard,7050161,0.0,4.3672,green_t1
green_t2.csv,utf-8,;,5,Unnamed: 0|_time|_value|_field|_measurement,False,True,True,True,True,standard,7088428,0.0,9.116,green_t2
green_t3.csv,utf-8,;,5,Unnamed: 0|_time|_value|_field|_measurement,False,True,True,True,True,standard,7035099,0.0,5.7974,green_t3
pilot.csv,utf-8,;,5,Unnamed: 0|_time|_value|_field|_measurement,False,True,True,True,True,standard,3,,,pilot
realIPhARmsST24.csv,utf-8,;,5,Unnamed: 0|_time|_value|_field|_measurement,False,True,True,True,True,standard,4518789,13.56,14.97,realIPhARmsST24
realIPhARmsST25.csv,utf-8,;,5,Unnamed: 0|_time|_value|_field|_measurement,False,True,True,True,True,standard,4542534,1.91,2.06,realIPhARmsST25
realIPhBRmsST24.csv,utf-8,;,5,Unnamed: 0|_time|_value|_field|_measurement,False,True,True,True,True,standard,4555525,9.6,12.92,realIPhBRmsST24
realIPhBRmsST25.csv,utf-8,;,5,Unnamed: 0|_time|_value|_field|_measurement,False,True,True,True,True,standard,4530794,1.94,2.13,realIPhBRmsST25
realIPhCRmsST24.csv,utf-8,;,5,Unnamed: 0|_time|_value|_field|_measurement,False,True,True,True,True,standard,4552191,10.21,10.93,realIPhCRmsST24
realIPhCRmsST25.csv,utf-8,;,5,Unnamed: 0|_time|_value|_field|_measurement,False,True,True,True,True,standard,4495127,1.4,1.49,realIPhCRmsST25
realIstTempKaltWasOben.csv,utf-8,;,5,Unnamed: 0|_time|_value|_field|_measurement,False,True,True,True,True,standard,5438636,20.0,20.0,realIstTempKaltWasOben
realIstTempKaltWasObenMitte.csv,utf-8,;,5,Unnamed: 0|_time|_value|_field|_measurement,False,True,True,True,True,standard,4373778,18.3,18.4,realIstTempKaltWasObenMitte
realIstTempKaltWasUnt.csv,utf-8,;,5,Unnamed: 0|_time|_value|_field|_measurement,False,True,True,True,True,standard,4366478,17.2,17.2,realIstTempKaltWasUnt
realIstTempKaltWasUntMitte.csv,utf-8,;,5,Unnamed: 0|_time|_value|_field|_measurement,False,True,True,True,True,standard,4383589,19.3,19.3,realIstTempKaltWasUntMitte
realIstTempPuffAltbau.csv,utf-8,;,5,Unnamed: 0|_time|_value|_field|_measurement,False,True,True,True,True,standard,302526,0.0,0.0,realIstTempPuffAltbau
realIstTempRuecklPuffAltbau.csv,utf-8,;,5,Unnamed: 0|_time|_value|_field|_measurement,False,True,True,True,True,standard,301824,26.0,32.3,realIstTempRuecklPuffAltbau
realIstTempWarmWasOben.csv,utf-8,;,5,Unnamed: 0|_time|_value|_field|_measurement,False,True,True,True,True,standard,4552365,54.9,55.0,realIstTempWarmWasOben
realIstTempWarmWasObenMitte.csv,utf-8,;,5,Unnamed: 0|_time|_value|_field|_measurement,False,True,True,True,True,standard,4518819,31.5,32.0,realIstTempWarmWasObenMitte
realIstTempWarmWasUnt.csv,utf-8,;,5,Unnamed: 0|_time|_value|_field|_measurement,False,True,True,True,True,standard,4793659,28.5,28.5,realIstTempWarmWasUnt
realIstTempWarmWasUntMitte.csv,utf-8,;,5,Unnamed: 0|_time|_value|_field|_measurement,False,True,True,True,True,standard,4673607,29.9,29.9,realIstTempWarmWasUntMitte
realLeistungGebNord.csv,utf-8,;,5,Unnamed: 0|_time|_value|_field|_measurement,False,True,True,True,True,standard,3634393,1.6327,1.9795,realLeistungGebNord
realLeistungGebSued.csv,utf-8,;,5,Unnamed: 0|_time|_value|_field|_measurement,False,True,True,True,True,standard,4062201,4.7138,7.2877,realLeistungGebSued
realLeistungGebSystem.csv,utf-8,;,5,Unnamed: 0|_time|_value|_field|_measurement,False,True,True,True,True,standard,1955812,-0.2504,1.0523,realLeistungGebSystem
realLeistungsfaktorST24.csv,utf-8,;,5,Unnamed: 0|_time|_value|_field|_measurement,False,True,True,True,True,standard,305706,0.802,0.897,realLeistungsfaktorST24
realLeistungsfaktorST25.csv,utf-8,;,5,Unnamed: 0|_time|_value|_field|_measurement,False,True,True,True,True,standard,302975,-0.976,0.989,realLeistungsfaktorST25
realSollwertReglerWP1.csv,utf-8,;,5,Unnamed: 0|_time|_value|_field|_measurement,False,True,True,True,True,standard,319742,7.0,7.0,realSollwertReglerWP1
realTempRuecklBKT_EG.csv,utf-8,;,5,Unnamed: 0|_time|_value|_field|_measurement,False,True,True,True,True,standard,1582,24.3,24.5,realTempRuecklBKT_EG
real_BatterieAbgabeLeistung.csv,utf-8,;,5,Unnamed: 0|_time|_value|_field|_measurement,False,True,True,True,True,standard,4128585,-2.7,1.18,real_BatterieAbgabeLeistung
real_BatterieLadeLeistung.csv,utf-8,;,5,Unnamed: 0|_time|_value|_field|_measurement,False,True,True,True,True,standard,4458226,-2.7,1.18,real_BatterieLadeLeistung
real_BatterieLeistung.csv,utf-8,;,5,Unnamed: 0|_time|_value|_field|_measurement,False,True,True,True,True,standard,4564504,6.43,7.56,real_BatterieLeistung
real_BatterieVerlustEnergie.csv,utf-8,;,5,Unnamed: 0|_time|_value|_field|_measurement,False,True,True,True,True,standard,38432,145.9818,152.8241,real_BatterieVerlustEnergie
real_BatterieVerlustLeistung.csv,utf-8,;,5,Unnamed: 0|_time|_value|_field|_measurement,False,True,True,True,True,standard,4495188,84.5898,193.9127,real_BatterieVerlustLeistung
real_E_VerlustEnFa.csv,utf-8,;,5,Unnamed: 0|_time|_value|_field|_measurement,False,True,True,True,True,standard,5193092,0.2606,0.2959,real_E_VerlustEnFa
real_E_Verlustbhkw1.csv,utf-8,;,5,Unnamed: 0|_time|_value|_field|_measurement,False,True,True,True,True,standard,4498046,0.0,0.0966,real_E_Verlustbhkw1
real_E_Verlustbhkw2.csv,utf-8,;,5,Unnamed: 0|_time|_value|_field|_measurement,False,True,True,True,True,standard,4521418,0.6986,1.1141,real_E_Verlustbhkw2
real_PV_Gesamt.csv,utf-8,;,5,Unnamed: 0|_time|_value|_field|_measurement,False,True,True,True,True,standard,4008093,0.7947,1.16,real_PV_Gesamt
real_P_BHKW.csv,utf-8,;,5,Unnamed: 0|_time|_value|_field|_measurement,False,True,True,True,True,standard,4543570,0.0,0.0,real_P_BHKW
real_VerlustleistungEnFa.csv,utf-8,;,5,Unnamed: 0|_time|_value|_field|_measurement,False,True,True,True,True,standard,4852143,0.1069,4.08,real_VerlustleistungEnFa
real_WirkleistungEnFa.csv,utf-8,;,5,Unnamed: 0|_time|_value|_field|_measurement,False,True,True,True,True,standard,4576708,7.4444,8.3004,real_WirkleistungEnFa
real_WirkleistungErzeugungEnFa.csv,utf-8,;,5,Unnamed: 0|_time|_value|_field|_measurement,False,True,True,True,True,standard,4182958,0.7947,1.16,real_WirkleistungErzeugungEnFa
real_aktGesamtLeistungBHKW.csv,utf-8,;,5,Unnamed: 0|_time|_value|_field|_measurement,False,True,True,True,True,standard,4400057,36.1023,46.5251,real_aktGesamtLeistungBHKW
real_aktVerbrauchGasBhkwImp.csv,utf-8,;,5,Unnamed: 0|_time|_value|_field|_measurement,False,True,True,True,True,standard,1673364,0.0,13680.0,real_aktVerbrauchGasBhkwImp
real_aktVerbrauchGasBhkwImp1.csv,utf-8,;,5,Unnamed: 0|_time|_value|_field|_measurement,False,True,True,True,True,standard,1630678,0.0,0.0,real_aktVerbrauchGasBhkwImp1
real_aktVerbrauchGasBhkwImp2.csv,utf-8,;,5,Unnamed: 0|_time|_value|_field|_measurement,False,True,True,True,True,standard,1684566,0.0,0.0,real_aktVerbrauchGasBhkwImp2
real_aktVerlustLeistungBHKW.csv,utf-8,;,5,Unnamed: 0|_time|_value|_field|_measurement,False,True,True,True,True,standard,4365886,2.6822,2.833,real_aktVerlustLeistungBHKW
real_aktVerlustLeistungBHKW1.csv,utf-8,;,5,Unnamed: 0|_time|_value|_field|_measurement,False,True,True,True,True,standard,3859070,1.8384,1.9406,real_aktVerlustLeistungBHKW1
real_aktVerlustLeistungBHKW2.csv,utf-8,;,5,Unnamed: 0|_time|_value|_field|_measurement,False,True,True,True,True,standard,4657789,0.0,0.0,real_aktVerlustLeistungBHKW2
sun_alt.csv,utf-8,;,5,Unnamed: 0|_time|_value|_field|_measurement,False,True,True,True,True,standard,3493137,25.9373,26.5498,sun_alt
sun_azi.csv,utf-8,;,5,Unnamed: 0|_time|_value|_field|_measurement,False,True,True,True,True,standard,3433793,145.0178,146.7242,sun_azi
val1006.csv,utf-8,;,5,Unnamed: 0|_time|_value|_field|_measurement,False,True,True,True,True,standard,3837,-1.0,28.0,val1006
val1007.csv,utf-8,;,5,Unnamed: 0|_time|_value|_field|_measurement,False,True,True,True,True,standard,2735,-1.0,1.0,val1007
val1008.csv,utf-8,;,5,Unnamed: 0|_time|_value|_field|_measurement,False,True,True,True,True,standard,937,65.7277,94.2278,val1008
val1009.csv,utf-8,;,5,Unnamed: 0|_time|_value|_field|_measurement,False,True,True,True,True,standard,897,65.7277,94.2278,val1009
wind_now.csv,utf-8,;,5,Unnamed: 0|_time|_value|_field|_measurement,False,True,True,True,True,standard,3458738,2.7,2.8,wind_now
wind_tomorrow.csv,utf-8,;,5,Unnamed: 0|_time|_value|_field|_measurement,False,True,True,True,True,standard,3446403,2.6,2.6,wind_tomorrow
